sample_name,fastq_fwd_file_name,fastq_rev_file_name,sample_type,host_phylum,host_class,host_order,host_family,host_genus,host_species,collection_latitude,collection_longitude,collection_site,collection_date,collection_region,collection_subregion,collection_depth_ft
KL-003,KL-003_S82_L001_R1_001.fastq.gz,KL-003_S82_L001_R2_001.fastq.gz,coral_field,Cnidaria,Anthozoa,Scleractinia,Faviidae,Diploria,labyrinthiformis,25.11901093,-80.30082703,Little Grecian,20010621,FL,Upper Keys,31.824148
KL-015,KL-015_S75_L001_R1_001.fastq.gz,KL-015_S75_L001_R2_001.fastq.gz,coral_field,Cnidaria,Anthozoa,Scleractinia,Faviidae,Diploria,labyrinthiformis,25.11901093,-80.30082703,Little Grecian,20010621,FL,Upper Keys,32.8084
KL-025,KL-025_S86_L001_R1_001.fastq.gz,KL-025_S86_L001_R2_001.fastq.gz,coral_field,Cnidaria,Anthozoa,Scleractinia,Faviidae,Diploria,labyrinthiformis,25.11901093,-80.30082703,Little Grecian,20010621,FL,Upper Keys,31.16798
KL-17,KL-17_S76_L001_R1_001.fastq.gz,KL-17_S76_L001_R2_001.fastq.gz,coral_field,Cnidaria,Anthozoa,Scleractinia,Scleractinia incertae sedis,Solenastrea,bournoni,25.11901093,-80.30082703,Little Grecian,20010621,FL,Upper Keys,32.8084
KL-19,KL-19_S85_L001_R1_001.fastq.gz,KL-19_S85_L001_R2_001.fastq.gz,coral_field,Cnidaria,Anthozoa,Scleractinia,Poritidae,Porites,astreoides,25.11901093,-80.30082703,Little Grecian,20010621,FL,Upper Keys,32.152232
KL-27,KL-27_S87_L001_R1_001.fastq.gz,KL-27_S87_L001_R2_001.fastq.gz,coral_field,Cnidaria,Anthozoa,Scleractinia,Faviidae,Diploria,labyrinthiformis,25.11901093,-80.30082703,Little Grecian,20010621,FL,Upper Keys,31.16798
KL-29,KL-29_S88_L001_R1_001.fastq.gz,KL-29_S88_L001_R2_001.fastq.gz,coral_field,Cnidaria,Anthozoa,Scleractinia,Faviidae,Diploria,labyrinthiformis,25.11901093,-80.30082703,Little Grecian,20010621,FL,Upper Keys,32.152232
KL-33,KL-33_S89_L001_R1_001.fastq.gz,KL-33_S89_L001_R2_001.fastq.gz,coral_field,Cnidaria,Anthozoa,Scleractinia,Faviidae,Pseudodiploria,strigosa,25.11901093,-80.30082703,Little Grecian,20010621,FL,Upper Keys,32.480316
KL-35,KL-35_S90_L001_R1_001.fastq.gz,KL-35_S90_L001_R2_001.fastq.gz,coral_field,Cnidaria,Anthozoa,Scleractinia,Faviidae,Colpophyllia,natans,25.11901093,-80.30082703,Little Grecian,20010621,FL,Upper Keys,30.839896
KL-37,KL-37_S91_L001_R1_001.fastq.gz,KL-37_S91_L001_R2_001.fastq.gz,coral_field,Cnidaria,Anthozoa,Scleractinia,Faviidae,Pseudodiploria,strigosa,25.11901093,-80.30082703,Little Grecian,20010621,FL,Upper Keys,31.496064
KL-5-foamy,KL-5-foamy_S83_L001_R1_001.fastq.gz,KL-5-foamy_S83_L001_R2_001.fastq.gz,coral_field,Cnidaria,Anthozoa,Scleractinia,Faviidae,Colpophyllia,natans,25.11901093,-80.30082703,Little Grecian,20010621,FL,Upper Keys,28.543308
KL-7,KL-7_S84_L001_R1_001.fastq.gz,KL-7_S84_L001_R2_001.fastq.gz,coral_field,Cnidaria,Anthozoa,Scleractinia,Meandrinidae,Dichocoenia,stokesii,25.11901093,-80.30082703,Little Grecian,20010621,FL,Upper Keys,29.855644
KL-9,KL-9_S74_L001_R1_001.fastq.gz,KL-9_S74_L001_R2_001.fastq.gz,coral_field,Cnidaria,Anthozoa,Scleractinia,Astrocoeniidae,Stephanocoenia,intersepta,25.11901093,-80.30082703,Little Grecian,20010621,FL,Upper Keys,32.8084
KL-41,KL-41_S92_L001_R1_001.fastq.gz,KL-41_S92_L001_R2_001.fastq.gz,coral_field,Cnidaria,Anthozoa,Scleractinia,Scleractinia incertae sedis,Solenastrea,bournoni,25.11186028,-80.28582764,Outer Reef,20010621,FL,Upper Keys,17.716536
KL-45,KL-45_S93_L001_R1_001.fastq.gz,KL-45_S93_L001_R2_001.fastq.gz,coral_field,Cnidaria,Anthozoa,Scleractinia,Scleractinia incertae sedis,Solenastrea,bournoni,25.11186028,-80.28582764,Outer Reef,20010621,FL,Upper Keys,17.388452
KL-49,KL-49_S280_L001_R1_001.fastq.gz,KL-49_S280_L001_R2_001.fastq.gz,coral_field,Cnidaria,Anthozoa,Scleractinia,Meandrinidae,Dichocoenia,stokesii,25.11186028,-80.28582764,Outer Reef,20010621,FL,Upper Keys,17.716536
KL-53,KL-53_S281_L001_R1_001.fastq.gz,KL-53_S281_L001_R2_001.fastq.gz,coral_field,Cnidaria,Anthozoa,Scleractinia,Scleractinia incertae sedis,Solenastrea,bournoni,25.11186028,-80.28582764,Outer Reef,20010621,FL,Upper Keys,17.388452
KL-56,KL-56_S282_L001_R1_001.fastq.gz,KL-56_S282_L001_R2_001.fastq.gz,coral_field,Cnidaria,Anthozoa,Scleractinia,Scleractinia incertae sedis,Solenastrea,bournoni,25.11186028,-80.28582764,Outer Reef,20010621,FL,Upper Keys,17.388452
KL-59,KL-59_S288_L001_R1_001.fastq.gz,KL-59_S288_L001_R2_001.fastq.gz,coral_field,Cnidaria,Anthozoa,Scleractinia,Scleractinia incertae sedis,Solenastrea,bournoni,25.11186028,-80.28582764,Outer Reef,20010621,FL,Upper Keys,18.04462
KL-60,KL-60_S289_L001_R1_001.fastq.gz,KL-60_S289_L001_R2_001.fastq.gz,coral_field,Cnidaria,Anthozoa,Scleractinia,Faviidae,Colpophyllia,natans,25.11186028,-80.28582764,Outer Reef,20010621,FL,Upper Keys,16.4042
KL-61,KL-61_S290_L001_R1_001.fastq.gz,KL-61_S290_L001_R2_001.fastq.gz,coral_field,Cnidaria,Anthozoa,Scleractinia,Astrocoeniidae,Stephanocoenia,intersepta,25.11186028,-80.28582764,Outer Reef,20010621,FL,Upper Keys,14.107612
KL-62,KL-62_S291_L001_R1_001.fastq.gz,KL-62_S291_L001_R2_001.fastq.gz,coral_field,Cnidaria,Anthozoa,Scleractinia,Faviidae,Pseudodiploria,strigosa,25.11186028,-80.28582764,Outer Reef,20010621,FL,Upper Keys,13.12336
KL-64,KL-64_S292_L001_R1_001.fastq.gz,KL-64_S292_L001_R2_001.fastq.gz,coral_field,Cnidaria,Anthozoa,Scleractinia,Faviidae,Diploria,labyrinthiformis,25.11186028,-80.28582764,Outer Reef,20010621,FL,Upper Keys,16.076116
KL-66,KL-66_S293_L001_R1_001.fastq.gz,KL-66_S293_L001_R2_001.fastq.gz,coral_field,Cnidaria,Anthozoa,Scleractinia,Scleractinia incertae sedis,Solenastrea,bournoni,25.11186028,-80.28582764,Outer Reef,20010621,FL,Upper Keys,16.732284
KL-67,KL-67_S285_L001_R1_001.fastq.gz,KL-67_S285_L001_R2_001.fastq.gz,coral_field,Cnidaria,Anthozoa,Scleractinia,Poritidae,Porites,astreoides,25.11186028,-80.28582764,Outer Reef,20010621,FL,Upper Keys,15.091864
KL-68,KL-68_S294_L001_R1_001.fastq.gz,KL-68_S294_L001_R2_001.fastq.gz,coral_field,Cnidaria,Anthozoa,Scleractinia,Faviidae,Colpophyllia,natans,25.11186028,-80.28582764,Outer Reef,20010621,FL,Upper Keys,15.091864
KL-69,KL-69_S295_L001_R1_001.fastq.gz,KL-69_S295_L001_R2_001.fastq.gz,coral_field,Cnidaria,Anthozoa,Scleractinia,Faviidae,Diploria,labyrinthiformis,25.11186028,-80.28582764,Outer Reef,20010621,FL,Upper Keys,16.732284
KL-70,KL-70_S286_L001_R1_001.fastq.gz,KL-70_S286_L001_R2_001.fastq.gz,coral_field,Cnidaria,Anthozoa,Scleractinia,Astrocoeniidae,Stephanocoenia,intersepta,25.11186028,-80.28582764,Outer Reef,20010621,FL,Upper Keys,17.388452
KL-71,KL-71_S287_L001_R1_001.fastq.gz,KL-71_S287_L001_R2_001.fastq.gz,coral_field,Cnidaria,Anthozoa,Scleractinia,Meandrinidae,Dichocoenia,stokesii,25.11186028,-80.28582764,Outer Reef,20010621,FL,Upper Keys,15.748032
KL-72,KL-72_S296_L001_R1_001.fastq.gz,KL-72_S296_L001_R2_001.fastq.gz,coral_field,Cnidaria,Anthozoa,Scleractinia,Astrocoeniidae,Stephanocoenia,intersepta,25.11186028,-80.28582764,Outer Reef,20010621,FL,Upper Keys,17.060368
KL-73,KL-73_S300_L001_R1_001.fastq.gz,KL-73_S300_L001_R2_001.fastq.gz,coral_field,Cnidaria,Anthozoa,Scleractinia,Astrocoeniidae,Stephanocoenia,intersepta,25.11186028,-80.28582764,Outer Reef,20010621,FL,Upper Keys,15.748032
KL-76,KL-76_S301_L001_R1_001.fastq.gz,KL-76_S301_L001_R2_001.fastq.gz,coral_field,Cnidaria,Anthozoa,Scleractinia,Scleractinia incertae sedis,Solenastrea,bournoni,25.11186028,-80.28582764,Outer Reef,20010621,FL,Upper Keys,16.4042
KL-77,KL-77_S302_L001_R1_001.fastq.gz,KL-77_S302_L001_R2_001.fastq.gz,coral_field,Cnidaria,Anthozoa,Scleractinia,Meandrinidae,Dichocoenia,stokesii,25.11186028,-80.28582764,Outer Reef,20010621,FL,Upper Keys,17.388452
KL-100,KL-100_S310_L001_R1_001.fastq.gz,KL-100_S310_L001_R2_001.fastq.gz,coral_field,Cnidaria,Anthozoa,Scleractinia,Meandrinidae,Eusmilia,fastigiata,24.94844437,-80.46238708,Conch,20010622,FL,Upper Keys,51.509188
KL-102,KL-102_S311_L001_R1_001.fastq.gz,KL-102_S311_L001_R2_001.fastq.gz,coral_field,Cnidaria,Anthozoa,Scleractinia,Faviidae,Pseudodiploria,strigosa,24.94844437,-80.46238708,Conch,20010622,FL,Upper Keys,51.837272
KL-103,KL-103_S320_L001_R1_001.fastq.gz,KL-103_S320_L001_R2_001.fastq.gz,coral_field,Cnidaria,Anthozoa,Scleractinia,Astrocoeniidae,Stephanocoenia,intersepta,24.94844437,-80.46238708,Conch,20010622,FL,Upper Keys,51.181104
KL-104,KL-104_S324_L001_R1_001.fastq.gz,KL-104_S324_L001_R2_001.fastq.gz,coral_field,Cnidaria,Anthozoa,Scleractinia,Astrocoeniidae,Stephanocoenia,intersepta,24.94844437,-80.46238708,Conch,20010622,FL,Upper Keys,50.85302
KL-105,KL-105_S325_L001_R1_001.fastq.gz,KL-105_S325_L001_R2_001.fastq.gz,coral_field,Cnidaria,Anthozoa,Scleractinia,Merulinidae,Orbicella,faveolata,24.94844437,-80.46238708,Conch,20010622,FL,Upper Keys,50.85302
KL-106,KL-106_S326_L001_R1_001.fastq.gz,KL-106_S326_L001_R2_001.fastq.gz,coral_field,Cnidaria,Anthozoa,Scleractinia,Faviidae,Pseudodiploria,strigosa,24.94844437,-80.46238708,Conch,20010622,FL,Upper Keys,49.868768
KL-107,KL-107_S327_L001_R1_001.fastq.gz,KL-107_S327_L001_R2_001.fastq.gz,coral_field,Cnidaria,Anthozoa,Scleractinia,Astrocoeniidae,Stephanocoenia,intersepta,24.94844437,-80.46238708,Conch,20010622,FL,Upper Keys,49.868768
KL-108,KL-108_S328_L001_R1_001.fastq.gz,KL-108_S328_L001_R2_001.fastq.gz,coral_field,Cnidaria,Anthozoa,Scleractinia,Astrocoeniidae,Stephanocoenia,intersepta,24.94844437,-80.46238708,Conch,20010622,FL,Upper Keys,50.196852
KL-110,KL-110_S329_L001_R1_001.fastq.gz,KL-110_S329_L001_R2_001.fastq.gz,coral_field,Cnidaria,Anthozoa,Scleractinia,Faviidae,Diploria,labyrinthiformis,24.94844437,-80.46238708,Conch,20010622,FL,Upper Keys,55.118112
KL-111,KL-111_S283_L001_R1_001.fastq.gz,KL-111_S283_L001_R2_001.fastq.gz,coral_field,Cnidaria,Anthozoa,Scleractinia,Poritidae,Porites,astreoides,24.94844437,-80.46238708,Conch,20010622,FL,Upper Keys,55.446196
KL-112,KL-112_S330_L001_R1_001.fastq.gz,KL-112_S330_L001_R2_001.fastq.gz,coral_field,Cnidaria,Anthozoa,Scleractinia,Poritidae,Porites,astreoides,24.94844437,-80.46238708,Conch,20010622,FL,Upper Keys,62.664044
KL-113,KL-113_S321_L001_R1_001.fastq.gz,KL-113_S321_L001_R2_001.fastq.gz,coral_field,Cnidaria,Anthozoa,Scleractinia,Faviidae,Diploria,labyrinthiformis,24.94844437,-80.46238708,Conch,20010622,FL,Upper Keys,62.664044
KL-114,KL-114_S322_L001_R1_001.fastq.gz,KL-114_S322_L001_R2_001.fastq.gz,coral_field,Cnidaria,Anthozoa,Scleractinia,Poritidae,Porites,astreoides,24.94844437,-80.46238708,Conch,20010622,FL,Upper Keys,64.304464
KL-115,KL-115_S323_L001_R1_001.fastq.gz,KL-115_S323_L001_R2_001.fastq.gz,coral_field,Cnidaria,Anthozoa,Scleractinia,Astrocoeniidae,Stephanocoenia,intersepta,24.94844437,-80.46238708,Conch,20010622,FL,Upper Keys,63.648296
KL-116,KL-116_S331_L001_R1_001.fastq.gz,KL-116_S331_L001_R2_001.fastq.gz,coral_field,Cnidaria,Anthozoa,Scleractinia,Faviidae,Diploria,labyrinthiformis,24.94844437,-80.46238708,Conch,20010622,FL,Upper Keys,57.742784
KL-117,KL-117_S335_L001_R1_001.fastq.gz,KL-117_S335_L001_R2_001.fastq.gz,coral_field,Cnidaria,Anthozoa,Scleractinia,Merulinidae,Orbicella,faveolata,24.94844437,-80.46238708,Conch,20010622,FL,Upper Keys,54.13386
KL-118,KL-118_S336_L001_R1_001.fastq.gz,KL-118_S336_L001_R2_001.fastq.gz,coral_field,Cnidaria,Anthozoa,Scleractinia,Astrocoeniidae,Stephanocoenia,intersepta,24.94844437,-80.46238708,Conch,20010622,FL,Upper Keys,53.149608
KL-119,KL-119_S337_L001_R1_001.fastq.gz,KL-119_S337_L001_R2_001.fastq.gz,coral_field,Cnidaria,Anthozoa,Scleractinia,Faviidae,Diploria,labyrinthiformis,24.94844437,-80.46238708,Conch,20010622,FL,Upper Keys,51.509188
KL-120,KL-120_S338_L001_R1_001.fastq.gz,KL-120_S338_L001_R2_001.fastq.gz,coral_field,Cnidaria,Anthozoa,Scleractinia,Poritidae,Porites,astreoides,24.94844437,-80.46238708,Conch,20010622,FL,Upper Keys,50.85302
KL-121,KL-121_S339_L001_R1_001.fastq.gz,KL-121_S339_L001_R2_001.fastq.gz,coral_field,Cnidaria,Anthozoa,Scleractinia,Faviidae,Diploria,labyrinthiformis,24.94844437,-80.46238708,Conch,20010622,FL,Upper Keys,51.181104
KL-122,KL-122_S340_L001_R1_001.fastq.gz,KL-122_S340_L001_R2_001.fastq.gz,coral_field,Cnidaria,Anthozoa,Scleractinia,Faviidae,Diploria,labyrinthiformis,24.94844437,-80.46238708,Conch,20010622,FL,Upper Keys,49.540684
KL-123,KL-123_S341_L001_R1_001.fastq.gz,KL-123_S341_L001_R2_001.fastq.gz,coral_field,Cnidaria,Anthozoa,Scleractinia,Poritidae,Porites,porites,24.94844437,-80.46238708,Conch,20010622,FL,Upper Keys,49.540684
KL-125,KL-125_S342_L001_R1_001.fastq.gz,KL-125_S342_L001_R2_001.fastq.gz,coral_field,Cnidaria,Anthozoa,Scleractinia,Faviidae,Pseudodiploria,strigosa,24.94844437,-80.46238708,Conch,20010622,FL,Upper Keys,46.259844
KL-126,KL-126_S332_L001_R1_001.fastq.gz,KL-126_S332_L001_R2_001.fastq.gz,coral_field,Cnidaria,Anthozoa,Scleractinia,Merulinidae,Orbicella,faveolata,24.94844437,-80.46238708,Conch,20010622,FL,Upper Keys,49.868768
KL-127,KL-127_S333_L001_R1_001.fastq.gz,KL-127_S333_L001_R2_001.fastq.gz,coral_field,Cnidaria,Anthozoa,Scleractinia,Meandrinidae,Dichocoenia,stokesii,24.94844437,-80.46238708,Conch,20010622,FL,Upper Keys,53.477692
KL-80,KL-80_S303_L001_R1_001.fastq.gz,KL-80_S303_L001_R2_001.fastq.gz,coral_field,Cnidaria,Anthozoa,Scleractinia,Poritidae,Porites,astreoides,24.94844437,-80.46238708,Conch,20010622,FL,Upper Keys,61.679792
KL-82,KL-82_S304_L001_R1_001.fastq.gz,KL-82_S304_L001_R2_001.fastq.gz,coral_field,Cnidaria,Anthozoa,Scleractinia,Poritidae,Porites,astreoides,24.94844437,-80.46238708,Conch,20010622,FL,Upper Keys,61.023624
KL-83,KL-83_S305_L001_R1_001.fastq.gz,KL-83_S305_L001_R2_001.fastq.gz,coral_field,Cnidaria,Anthozoa,Scleractinia,Poritidae,Porites,porites,24.94844437,-80.46238708,Conch,20010622,FL,Upper Keys,60.367456
KL-84,KL-84_S306_L001_R1_001.fastq.gz,KL-84_S306_L001_R2_001.fastq.gz,coral_field,Cnidaria,Anthozoa,Scleractinia,Faviidae,Colpophyllia,natans,24.94844437,-80.46238708,Conch,20010622,FL,Upper Keys,60.367456
KL-86,KL-86_S307_L001_R1_001.fastq.gz,KL-86_S307_L001_R2_001.fastq.gz,coral_field,Cnidaria,Anthozoa,Scleractinia,Scleractinia incertae sedis,Solenastrea,bournoni,24.94844437,-80.46238708,Conch,20010622,FL,Upper Keys,56.430448
KL-87,KL-87_S297_L001_R1_001.fastq.gz,KL-87_S297_L001_R2_001.fastq.gz,coral_field,Cnidaria,Anthozoa,Scleractinia,Poritidae,Porites,astreoides,24.94844437,-80.46238708,Conch,20010622,FL,Upper Keys,56.758532
KL-88,KL-88_S298_L001_R1_001.fastq.gz,KL-88_S298_L001_R2_001.fastq.gz,coral_field,Cnidaria,Anthozoa,Scleractinia,Poritidae,Porites,astreoides,24.94844437,-80.46238708,Conch,20010622,FL,Upper Keys,56.102364
KL-89,KL-89_S299_L001_R1_001.fastq.gz,KL-89_S299_L001_R2_001.fastq.gz,coral_field,Cnidaria,Anthozoa,Scleractinia,Astrocoeniidae,Stephanocoenia,intersepta,24.94844437,-80.46238708,Conch,20010622,FL,Upper Keys,57.742784
KL-90,KL-90_S308_L001_R1_001.fastq.gz,KL-90_S308_L001_R2_001.fastq.gz,coral_field,Cnidaria,Anthozoa,Scleractinia,Astrocoeniidae,Stephanocoenia,intersepta,24.94844437,-80.46238708,Conch,20010622,FL,Upper Keys,57.086616
KL-91,KL-91_S312_L001_R1_001.fastq.gz,KL-91_S312_L001_R2_001.fastq.gz,coral_field,Cnidaria,Anthozoa,Scleractinia,Merulinidae,Orbicella,faveolata,24.94844437,-80.46238708,Conch,20010622,FL,Upper Keys,54.13386
KL-92,KL-92_S313_L001_R1_001.fastq.gz,KL-92_S313_L001_R2_001.fastq.gz,coral_field,Cnidaria,Anthozoa,Scleractinia,Merulinidae,Orbicella,faveolata,24.94844437,-80.46238708,Conch,20010622,FL,Upper Keys,52.165356
KL-93,KL-93_S314_L001_R1_001.fastq.gz,KL-93_S314_L001_R2_001.fastq.gz,coral_field,Cnidaria,Anthozoa,Scleractinia,Merulinidae,Orbicella,faveolata,24.94844437,-80.46238708,Conch,20010622,FL,Upper Keys,52.165356
KL-94,KL-94_S315_L001_R1_001.fastq.gz,KL-94_S315_L001_R2_001.fastq.gz,coral_field,Cnidaria,Anthozoa,Scleractinia,Astrocoeniidae,Stephanocoenia,intersepta,24.94844437,-80.46238708,Conch,20010622,FL,Upper Keys,52.165356
KL-95,KL-95_S316_L001_R1_001.fastq.gz,KL-95_S316_L001_R2_001.fastq.gz,coral_field,Cnidaria,Anthozoa,Scleractinia,Poritidae,Porites,astreoides,24.94844437,-80.46238708,Conch,20010622,FL,Upper Keys,51.509188
KL-96,KL-96_S317_L001_R1_001.fastq.gz,KL-96_S317_L001_R2_001.fastq.gz,coral_field,Cnidaria,Anthozoa,Scleractinia,Merulinidae,Orbicella,faveolata,24.94844437,-80.46238708,Conch,20010622,FL,Upper Keys,51.837272
KL-97,KL-97_S318_L001_R1_001.fastq.gz,KL-97_S318_L001_R2_001.fastq.gz,coral_field,Cnidaria,Anthozoa,Scleractinia,Faviidae,Pseudodiploria,strigosa,24.94844437,-80.46238708,Conch,20010622,FL,Upper Keys,52.165356
KL-98,KL-98_S319_L001_R1_001.fastq.gz,KL-98_S319_L001_R2_001.fastq.gz,coral_field,Cnidaria,Anthozoa,Scleractinia,Faviidae,Diploria,labyrinthiformis,24.94844437,-80.46238708,Conch,20010622,FL,Upper Keys,50.85302
KL-99,KL-99_S309_L001_R1_001.fastq.gz,KL-99_S309_L001_R2_001.fastq.gz,coral_field,Cnidaria,Anthozoa,Scleractinia,Poritidae,Porites,astreoides,24.94844437,-80.46238708,Conch,20010622,FL,Upper Keys,52.165356
KL-156,KL-156_S334_L001_R1_001.fastq.gz,KL-156_S334_L001_R2_001.fastq.gz,coral_field,Cnidaria,Anthozoa,Scleractinia,Scleractinia incertae sedis,Solenastrea,hyades,25.00873947,-80.44978333,Triangles,20010622,FL,Upper Keys,8.530184
KL-157,KL-157_S343_L001_R1_001.fastq.gz,KL-157_S343_L001_R2_001.fastq.gz,coral_field,Cnidaria,Anthozoa,Scleractinia,Poritidae,Porites,porites,25.00873947,-80.44978333,Triangles,20010622,FL,Upper Keys,6.889764
KL-158,KL-158_S347_L001_R1_001.fastq.gz,KL-158_S347_L001_R2_001.fastq.gz,coral_field,Cnidaria,Anthozoa,Scleractinia,Faviidae,Diploria,labyrinthiformis,25.00873947,-80.44978333,Triangles,20010622,FL,Upper Keys,6.56168
KL-159,KL-159_S348_L001_R1_001.fastq.gz,KL-159_S348_L001_R2_001.fastq.gz,coral_field,Cnidaria,Anthozoa,Scleractinia,Poritidae,Porites,astreoides,25.00873947,-80.44978333,Triangles,20010622,FL,Upper Keys,6.889764
KL-160,KL-160_S349_L001_R1_001.fastq.gz,KL-160_S349_L001_R2_001.fastq.gz,coral_field,Cnidaria,Anthozoa,Scleractinia,Merulinidae,Orbicella,faveolata,25.00873947,-80.44978333,Triangles,20010622,FL,Upper Keys,6.233596
KL-161,KL-161_S350_L001_R1_001.fastq.gz,KL-161_S350_L001_R2_001.fastq.gz,coral_field,Cnidaria,Anthozoa,Scleractinia,Poritidae,Porites,astreoides,25.00873947,-80.44978333,Triangles,20010622,FL,Upper Keys,6.56168
KL-162,KL-162_S351_L001_R1_001.fastq.gz,KL-162_S351_L001_R2_001.fastq.gz,coral_field,Cnidaria,Anthozoa,Scleractinia,Faviidae,Diploria,labyrinthiformis,25.00873947,-80.44978333,Triangles,20010622,FL,Upper Keys,6.56168
KL-163,KL-163_S352_L001_R1_001.fastq.gz,KL-163_S352_L001_R2_001.fastq.gz,coral_field,Cnidaria,Anthozoa,Scleractinia,Merulinidae,Orbicella,faveolata,25.00873947,-80.44978333,Triangles,20010622,FL,Upper Keys,6.233596
KL-164,KL-164_S353_L001_R1_001.fastq.gz,KL-164_S353_L001_R2_001.fastq.gz,coral_field,Cnidaria,Anthozoa,Scleractinia,Poritidae,Porites,astreoides,25.00873947,-80.44978333,Triangles,20010622,FL,Upper Keys,7.545932
KL-165,KL-165_S354_L001_R1_001.fastq.gz,KL-165_S354_L001_R2_001.fastq.gz,coral_field,Cnidaria,Anthozoa,Scleractinia,Poritidae,Porites,astreoides,25.00873947,-80.44978333,Triangles,20010622,FL,Upper Keys,7.545932
KL-166,KL-166_S344_L001_R1_001.fastq.gz,KL-166_S344_L001_R2_001.fastq.gz,coral_field,Cnidaria,Anthozoa,Scleractinia,Poritidae,Porites,porites,25.00873947,-80.44978333,Triangles,20010622,FL,Upper Keys,7.545932
KL-168,KL-168_S345_L001_R1_001.fastq.gz,KL-168_S345_L001_R2_001.fastq.gz,coral_field,Cnidaria,Anthozoa,Scleractinia,Merulinidae,Orbicella,faveolata,25.00873947,-80.44978333,Triangles,20010622,FL,Upper Keys,7.874016
KL-169,KL-169_S346_L001_R1_001.fastq.gz,KL-169_S346_L001_R2_001.fastq.gz,coral_field,Cnidaria,Anthozoa,Scleractinia,Astrocoeniidae,Stephanocoenia,intersepta,25.00873947,-80.44978333,Triangles,20010622,FL,Upper Keys,8.2021
KL-170,KL-170_S355_L001_R1_001.fastq.gz,KL-170_S355_L001_R2_001.fastq.gz,coral_field,Cnidaria,Anthozoa,Scleractinia,Faviidae,Diploria,labyrinthiformis,25.00873947,-80.44978333,Triangles,20010622,FL,Upper Keys,8.2021
KL-172,KL-172_S359_L001_R1_001.fastq.gz,KL-172_S359_L001_R2_001.fastq.gz,coral_field,Cnidaria,Anthozoa,Scleractinia,Merulinidae,Orbicella,faveolata,25.00873947,-80.44978333,Triangles,20010622,FL,Upper Keys,7.874016
KL-173,KL-173_S360_L001_R1_001.fastq.gz,KL-173_S360_L001_R2_001.fastq.gz,coral_field,Cnidaria,Anthozoa,Scleractinia,Merulinidae,Orbicella,faveolata,25.00873947,-80.44978333,Triangles,20010622,FL,Upper Keys,8.2021
KL-174,KL-174_S361_L001_R1_001.fastq.gz,KL-174_S361_L001_R2_001.fastq.gz,coral_field,Cnidaria,Anthozoa,Scleractinia,Faviidae,Pseudodiploria,strigosa,25.00873947,-80.44978333,Triangles,20010622,FL,Upper Keys,8.530184
KL-176,KL-176_S362_L001_R1_001.fastq.gz,KL-176_S362_L001_R2_001.fastq.gz,coral_field,Cnidaria,Anthozoa,Scleractinia,Poritidae,Porites,astreoides,25.00873947,-80.44978333,Triangles,20010622,FL,Upper Keys,9.186352
KL-177,KL-177_S363_L001_R1_001.fastq.gz,KL-177_S363_L001_R2_001.fastq.gz,coral_field,Cnidaria,Anthozoa,Scleractinia,Merulinidae,Orbicella,faveolata,25.00873947,-80.44978333,Triangles,20010622,FL,Upper Keys,7.874016
KL-178,KL-178_S364_L001_R1_001.fastq.gz,KL-178_S364_L001_R2_001.fastq.gz,coral_field,Cnidaria,Anthozoa,Scleractinia,Faviidae,Diploria,labyrinthiformis,25.00873947,-80.44978333,Triangles,20010622,FL,Upper Keys,8
KL-232,KL-232_S365_L001_R1_001.fastq.gz,KL-232_S365_L001_R2_001.fastq.gz,coral_field,Cnidaria,Anthozoa,Scleractinia,Merulinidae,Orbicella,faveolata,24.93535233,-80.54960632,Tavernier Rocks,20010623,FL,Upper Keys,10.826772
KL-233,KL-233_S366_L001_R1_001.fastq.gz,KL-233_S366_L001_R2_001.fastq.gz,coral_field,Cnidaria,Anthozoa,Scleractinia,Merulinidae,Orbicella,faveolata,24.93535233,-80.54960632,Tavernier Rocks,20010623,FL,Upper Keys,8.2021
KL-234,KL-234_S356_L001_R1_001.fastq.gz,KL-234_S356_L001_R2_001.fastq.gz,coral_field,Cnidaria,Anthozoa,Scleractinia,Poritidae,Porites,astreoides,24.93535233,-80.54960632,Tavernier Rocks,20010623,FL,Upper Keys,9.514436
KL-237,KL-237_S357_L001_R1_001.fastq.gz,KL-237_S357_L001_R2_001.fastq.gz,coral_field,Cnidaria,Anthozoa,Scleractinia,Astrocoeniidae,Stephanocoenia,intersepta,24.93535233,-80.54960632,Tavernier Rocks,20010623,FL,Upper Keys,11.154856
KL-240,KL-240_S358_L001_R1_001.fastq.gz,KL-240_S358_L001_R2_001.fastq.gz,coral_field,Cnidaria,Anthozoa,Scleractinia,Rhizangiidae,Siderastrea,radians,24.93535233,-80.54960632,Tavernier Rocks,20010623,FL,Upper Keys,11.811024
KL-241,KL-241_S367_L001_R1_001.fastq.gz,KL-241_S367_L001_R2_001.fastq.gz,coral_field,Cnidaria,Anthozoa,Scleractinia,Scleractinia incertae sedis,Solenastrea,bournoni,24.93535233,-80.54960632,Tavernier Rocks,20010623,FL,Upper Keys,11.48294
KL-242,KL-242_S370_L001_R1_001.fastq.gz,KL-242_S370_L001_R2_001.fastq.gz,coral_field,Cnidaria,Anthozoa,Scleractinia,Scleractinia incertae sedis,Solenastrea,bournoni,24.93535233,-80.54960632,Tavernier Rocks,20010623,FL,Upper Keys,12.139108
KL-244,KL-244_S371_L001_R1_001.fastq.gz,KL-244_S371_L001_R2_001.fastq.gz,coral_field,Cnidaria,Anthozoa,Scleractinia,Faviidae,Diploria,labyrinthiformis,24.93535233,-80.54960632,Tavernier Rocks,20010623,FL,Upper Keys,12.139108
KL-245,KL-245_S372_L001_R1_001.fastq.gz,KL-245_S372_L001_R2_001.fastq.gz,coral_field,Cnidaria,Anthozoa,Scleractinia,Faviidae,Colpophyllia,natans,24.93535233,-80.54960632,Tavernier Rocks,20010623,FL,Upper Keys,10.170604
KL-247,KL-247_S373_L001_R1_001.fastq.gz,KL-247_S373_L001_R2_001.fastq.gz,coral_field,Cnidaria,Anthozoa,Scleractinia,Rhizangiidae,Siderastrea,radians,24.93535233,-80.54960632,Tavernier Rocks,20010623,FL,Upper Keys,12.139108
KL-248,KL-248_S374_L001_R1_001.fastq.gz,KL-248_S374_L001_R2_001.fastq.gz,coral_field,Cnidaria,Anthozoa,Scleractinia,Faviidae,Colpophyllia,natans,24.93535233,-80.54960632,Tavernier Rocks,20010623,FL,Upper Keys,11.811024
KL-249,KL-249_S375_L001_R1_001.fastq.gz,KL-249_S375_L001_R2_001.fastq.gz,coral_field,Cnidaria,Anthozoa,Scleractinia,Scleractinia incertae sedis,Solenastrea,bournoni,24.93535233,-80.54960632,Tavernier Rocks,20010623,FL,Upper Keys,10.826772
KL-250,KL-250_S376_L001_R1_001.fastq.gz,KL-250_S376_L001_R2_001.fastq.gz,coral_field,Cnidaria,Anthozoa,Scleractinia,Faviidae,Diploria,labyrinthiformis,24.93535233,-80.54960632,Tavernier Rocks,20010623,FL,Upper Keys,10.826772
KL-252,KL-252_S377_L001_R1_001.fastq.gz,KL-252_S377_L001_R2_001.fastq.gz,coral_field,Cnidaria,Anthozoa,Scleractinia,Merulinidae,Orbicella,faveolata,24.93535233,-80.54960632,Tavernier Rocks,20010623,FL,Upper Keys,11.154856
KL-253,KL-253_S368_L001_R1_001.fastq.gz,KL-253_S368_L001_R2_001.fastq.gz,coral_field,Cnidaria,Anthozoa,Scleractinia,Merulinidae,Orbicella,faveolata,24.93535233,-80.54960632,Tavernier Rocks,20010623,FL,Upper Keys,10.826772
KL-254,KL-254_S369_L001_R1_001.fastq.gz,KL-254_S369_L001_R2_001.fastq.gz,coral_field,Cnidaria,Anthozoa,Scleractinia,Merulinidae,Orbicella,faveolata,24.93535233,-80.54960632,Tavernier Rocks,20010623,FL,Upper Keys,11.48294
KL-255,KL-255_S273_L001_R1_001.fastq.gz,KL-255_S273_L001_R2_001.fastq.gz,coral_field,Cnidaria,Anthozoa,Scleractinia,Rhizangiidae,Siderastrea,radians,24.93535233,-80.54960632,Tavernier Rocks,20010623,FL,Upper Keys,11.811024
KL-257,KL-257_S201_L001_R1_001.fastq.gz,KL-257_S201_L001_R2_001.fastq.gz,coral_field,Cnidaria,Anthozoa,Scleractinia,Poritidae,Porites,astreoides,24.93535233,-80.54960632,Tavernier Rocks,20010623,FL,Upper Keys,11.811024
KL-258,KL-258_S213_L001_R1_001.fastq.gz,KL-258_S213_L001_R2_001.fastq.gz,coral_field,Cnidaria,Anthozoa,Scleractinia,Cladocoridae,Cladocora,arbuscula,24.93535233,-80.54960632,Tavernier Rocks,20010623,FL,Upper Keys,8.858268
KL-260,KL-260_S225_L001_R1_001.fastq.gz,KL-260_S225_L001_R2_001.fastq.gz,coral_field,Cnidaria,Anthozoa,Scleractinia,Cladocoridae,Cladocora,arbuscula,24.93535233,-80.54960632,Tavernier Rocks,20010623,FL,Upper Keys,12.139108
KL-425,KL-425_S219_L001_R1_001.fastq.gz,KL-425_S219_L001_R2_001.fastq.gz,coral_field,Cnidaria,Anthozoa,Scleractinia,Astrocoeniidae,Stephanocoenia,intersepta,24.98698044,-80.41486359,Pickles,20020925,FL,Upper Keys,21
KL-339,KL-339_S68_L001_R1_001.fastq.gz,KL-339_S68_L001_R2_001.fastq.gz,coral_field,Cnidaria,Anthozoa,Scleractinia,Astrocoeniidae,Stephanocoenia,intersepta,24.90399933,-80.61685944,Cheeca,20020926,FL,Upper Keys,12
KL-342,KL-342_S71_L001_R1_001.fastq.gz,KL-342_S71_L001_R2_001.fastq.gz,coral_field,Cnidaria,Anthozoa,Scleractinia,Faviidae,Diploria,labyrinthiformis,24.90399933,-80.61685944,Cheeca,20020926,FL,Upper Keys,11
KL-343,KL-343_S72_L001_R1_001.fastq.gz,KL-343_S72_L001_R2_001.fastq.gz,coral_field,Cnidaria,Anthozoa,Scleractinia,Faviidae,Diploria,labyrinthiformis,24.90399933,-80.61685944,Cheeca,20020926,FL,Upper Keys,11
KL-344,KL-344_S62_L001_R1_001.fastq.gz,KL-344_S62_L001_R2_001.fastq.gz,coral_field,Cnidaria,Anthozoa,Scleractinia,Poritidae,Porites,astreoides,24.90399933,-80.61685944,Cheeca,20020926,FL,Upper Keys,11
KL-345,KL-345_S63_L001_R1_001.fastq.gz,KL-345_S63_L001_R2_001.fastq.gz,coral_field,Cnidaria,Anthozoa,Scleractinia,Poritidae,Porites,astreoides,24.90399933,-80.61685944,Cheeca,20020926,FL,Upper Keys,11
KL-348,KL-348_S64_L001_R1_001.fastq.gz,KL-348_S64_L001_R2_001.fastq.gz,coral_field,Cnidaria,Anthozoa,Scleractinia,Astrocoeniidae,Stephanocoenia,intersepta,24.90399933,-80.61685944,Cheeca,20020926,FL,Upper Keys,11
KL-349,KL-349_S73_L001_R1_001.fastq.gz,KL-349_S73_L001_R2_001.fastq.gz,coral_field,Cnidaria,Anthozoa,Scleractinia,Astrocoeniidae,Stephanocoenia,intersepta,24.90399933,-80.61685944,Cheeca,20020926,FL,Upper Keys,11
KL-360,KL-360_S77_L001_R1_001.fastq.gz,KL-360_S77_L001_R2_001.fastq.gz,coral_field,Cnidaria,Anthozoa,Scleractinia,Poritidae,Porites,astreoides,24.90399933,-80.61685944,Cheeca,20020926,FL,Upper Keys,11
KL-366,KL-366_S78_L001_R1_001.fastq.gz,KL-366_S78_L001_R2_001.fastq.gz,coral_field,Cnidaria,Anthozoa,Scleractinia,Faviidae,Diploria,labyrinthiformis,24.90399933,-80.61685944,Cheeca,20020926,FL,Upper Keys,11
KL-367,KL-367_S79_L001_R1_001.fastq.gz,KL-367_S79_L001_R2_001.fastq.gz,coral_field,Cnidaria,Anthozoa,Scleractinia,Faviidae,Diploria,labyrinthiformis,24.90399933,-80.61685944,Cheeca,20020926,FL,Upper Keys,11
KL-374,KL-374_S80_L001_R1_001.fastq.gz,KL-374_S80_L001_R2_001.fastq.gz,coral_field,Cnidaria,Anthozoa,Scleractinia,Astrocoeniidae,Stephanocoenia,intersepta,24.90399933,-80.61685944,Cheeca,20020926,FL,Upper Keys,11
KL-375,KL-375_S81_L001_R1_001.fastq.gz,KL-375_S81_L001_R2_001.fastq.gz,coral_field,Cnidaria,Anthozoa,Scleractinia,Astrocoeniidae,Stephanocoenia,intersepta,24.90399933,-80.61685944,Cheeca,20020926,FL,Upper Keys,11
KL-376,KL-376_S249_L001_R1_001.fastq.gz,KL-376_S249_L001_R2_001.fastq.gz,coral_field,Cnidaria,Anthozoa,Scleractinia,Faviidae,Diploria,labyrinthiformis,24.90399933,-80.61685944,Cheeca,20020926,FL,Upper Keys,11
KL-377,KL-377_S261_L001_R1_001.fastq.gz,KL-377_S261_L001_R2_001.fastq.gz,coral_field,Cnidaria,Anthozoa,Scleractinia,Faviidae,Diploria,labyrinthiformis,24.90399933,-80.61685944,Cheeca,20020926,FL,Upper Keys,11
KL-378,KL-378_S272_L001_R1_001.fastq.gz,KL-378_S272_L001_R2_001.fastq.gz,coral_field,Cnidaria,Anthozoa,Scleractinia,Astrocoeniidae,Stephanocoenia,intersepta,24.90399933,-80.61685944,Cheeca,20020926,FL,Upper Keys,11
KL-379,KL-379_S193_L001_R1_001.fastq.gz,KL-379_S193_L001_R2_001.fastq.gz,coral_field,Cnidaria,Anthozoa,Scleractinia,Astrocoeniidae,Stephanocoenia,intersepta,24.90399933,-80.61685944,Cheeca,20020926,FL,Upper Keys,11
KL-396,KL-396_S205_L001_R1_001.fastq.gz,KL-396_S205_L001_R2_001.fastq.gz,coral_field,Cnidaria,Anthozoa,Scleractinia,Faviidae,Diploria,labyrinthiformis,24.90399933,-80.61685944,Cheeca,20020926,FL,Upper Keys,11
KL-400,KL-400_S217_L001_R1_001.fastq.gz,KL-400_S217_L001_R2_001.fastq.gz,coral_field,Cnidaria,Anthozoa,Scleractinia,Merulinidae,Orbicella,faveolata,24.90399933,-80.61685944,Cheeca,20020926,FL,Upper Keys,11
KL-403,KL-403_S229_L001_R1_001.fastq.gz,KL-403_S229_L001_R2_001.fastq.gz,coral_field,Cnidaria,Anthozoa,Scleractinia,Merulinidae,Orbicella,faveolata,24.90399933,-80.61685944,Cheeca,20020926,FL,Upper Keys,11
KL-406,KL-406_S241_L001_R1_001.fastq.gz,KL-406_S241_L001_R2_001.fastq.gz,coral_field,Cnidaria,Anthozoa,Scleractinia,Merulinidae,Orbicella,faveolata,24.90399933,-80.61685944,Cheeca,20020926,FL,Upper Keys,11
KL-412,KL-412_S253_L001_R1_001.fastq.gz,KL-412_S253_L001_R2_001.fastq.gz,coral_field,Cnidaria,Anthozoa,Scleractinia,Poritidae,Porites,porites,24.98698044,-80.41486359,Pickles,20030522,FL,Upper Keys,20
KL-413,KL-413_S265_L001_R1_001.fastq.gz,KL-413_S265_L001_R2_001.fastq.gz,coral_field,Cnidaria,Anthozoa,Anthoathecata,Milleporidae,Millepora,complanata,24.98698044,-80.41486359,Pickles,20030522,FL,Upper Keys,22
KL-414,KL-414_S276_L001_R1_001.fastq.gz,KL-414_S276_L001_R2_001.fastq.gz,coral_field,Cnidaria,Anthozoa,Scleractinia,Meandrinidae,Dichocoenia,stokesii,24.98698044,-80.41486359,Pickles,20030522,FL,Upper Keys,22
KL-415,KL-415_S194_L001_R1_001.fastq.gz,KL-415_S194_L001_R2_001.fastq.gz,coral_field,Cnidaria,Anthozoa,Scleractinia,Faviidae,Pseudodiploria,clivosa,24.98698044,-80.41486359,Pickles,20030522,FL,Upper Keys,23
KL-416,KL-416_S206_L001_R1_001.fastq.gz,KL-416_S206_L001_R2_001.fastq.gz,coral_field,Cnidaria,Anthozoa,Scleractinia,Pocilloporidae,Madracis,decactis,24.98698044,-80.41486359,Pickles,20030522,FL,Upper Keys,20
KL-418,KL-418_S230_L001_R1_001.fastq.gz,KL-418_S230_L001_R2_001.fastq.gz,coral_field,Cnidaria,Anthozoa,Scleractinia,Meandrinidae,Meandrina,meandrites,24.98698044,-80.41486359,Pickles,20030522,FL,Upper Keys,19
KL-421,KL-421_S266_L001_R1_001.fastq.gz,KL-421_S266_L001_R2_001.fastq.gz,coral_field,Cnidaria,Anthozoa,Scleractinia,Merulinidae,Orbicella,faveolata,24.98698044,-80.41486359,Pickles,20030522,FL,Upper Keys,23
KL-422,KL-422_S277_L001_R1_001.fastq.gz,KL-422_S277_L001_R2_001.fastq.gz,coral_field,Cnidaria,Anthozoa,Scleractinia,Merulinidae,Orbicella,faveolata,24.98698044,-80.41486359,Pickles,20030522,FL,Upper Keys,16
KL-423,KL-423_S195_L001_R1_001.fastq.gz,KL-423_S195_L001_R2_001.fastq.gz,coral_field,Cnidaria,Anthozoa,Scleractinia,Merulinidae,Orbicella,faveolata,24.98698044,-80.41486359,Pickles,20030522,FL,Upper Keys,19
KL-424,KL-424_S207_L001_R1_001.fastq.gz,KL-424_S207_L001_R2_001.fastq.gz,coral_field,Cnidaria,Anthozoa,Scleractinia,Merulinidae,Orbicella,faveolata,24.98698044,-80.41486359,Pickles,20030522,FL,Upper Keys,24
KL-587,KL-587_S208_L001_R1_001.fastq.gz,KL-587_S208_L001_R2_001.fastq.gz,coral_field,Cnidaria,Anthozoa,Anthoathecata,Milleporidae,Millepora,complanata,24.98698044,-80.41486359,Pickles,20030522,FL,Upper Keys,24
KL-589,KL-589_S220_L001_R1_001.fastq.gz,KL-589_S220_L001_R2_001.fastq.gz,coral_field,Cnidaria,Anthozoa,Scleractinia,Faviidae,Colpophyllia,natans,24.98698044,-80.41486359,Pickles,20030522,FL,Upper Keys,14
KL-590,KL-590_S232_L001_R1_001.fastq.gz,KL-590_S232_L001_R2_001.fastq.gz,coral_field,Cnidaria,Anthozoa,Scleractinia,Merulinidae,Orbicella,faveolata,25.00673294,-80.5297699,"Tavernier Creek, down from fuel docks on point, end of transect",20030522,FL,Upper Keys,21
KL-591,KL-591_S244_L001_R1_001.fastq.gz,KL-591_S244_L001_R2_001.fastq.gz,coral_field,Cnidaria,Anthozoa,Scleractinia,Rhizangiidae,Siderastrea,radians,25.00673294,-80.5297699,"Tavernier Creek, down from fuel docks on point, end of transect",20030523,FL,Upper Keys,6.56168
KL-426,KL-426_S231_L001_R1_001.fastq.gz,KL-426_S231_L001_R2_001.fastq.gz,coral_field,Cnidaria,Anthozoa,Scleractinia,Rhizangiidae,Siderastrea,radians,24.93535233,-80.54960632,Tavernier Rocks,20030523,FL,Upper Keys,10
KL-427,KL-427_S243_L001_R1_001.fastq.gz,KL-427_S243_L001_R2_001.fastq.gz,coral_field,Cnidaria,Anthozoa,Scleractinia,Rhizangiidae,Siderastrea,radians,24.93535233,-80.54960632,Tavernier Rocks,20030523,FL,Upper Keys,10
KL-428,KL-428_S255_L001_R1_001.fastq.gz,KL-428_S255_L001_R2_001.fastq.gz,coral_field,Cnidaria,Anthozoa,Scleractinia,Rhizangiidae,Siderastrea,radians,24.93535233,-80.54960632,Tavernier Rocks,20030523,FL,Upper Keys,10
KL-429,KL-429_S267_L001_R1_001.fastq.gz,KL-429_S267_L001_R2_001.fastq.gz,coral_field,Cnidaria,Anthozoa,Scleractinia,Rhizangiidae,Siderastrea,radians,24.93535233,-80.54960632,Tavernier Rocks,20030523,FL,Upper Keys,10
KL-430,KL-430_S278_L001_R1_001.fastq.gz,KL-430_S278_L001_R2_001.fastq.gz,coral_field,Cnidaria,Anthozoa,Scleractinia,Rhizangiidae,Siderastrea,radians,24.93535233,-80.54960632,Tavernier Rocks,20030523,FL,Upper Keys,10
KL-431,KL-431_S196_L001_R1_001.fastq.gz,KL-431_S196_L001_R2_001.fastq.gz,coral_field,Cnidaria,Anthozoa,Scleractinia,Rhizangiidae,Siderastrea,radians,24.93535233,-80.54960632,Tavernier Rocks,20030523,FL,Upper Keys,10
KL-699,KL-699_S256_L001_R1_001.fastq.gz,KL-699_S256_L001_R2_001.fastq.gz,coral_field,Cnidaria,Anthozoa,Scleractinia,Faviidae,Colpophyllia,natans,24.90399933,-80.61685944,Cheeca,20030930,FL,Upper Keys,12
KL-700,KL-700_S268_L001_R1_001.fastq.gz,KL-700_S268_L001_R2_001.fastq.gz,coral_field,Cnidaria,Anthozoa,Scleractinia,Astrocoeniidae,Stephanocoenia,intersepta,24.90399933,-80.61685944,Cheeca,20030930,FL,Upper Keys,14
KL-701,KL-701_S279_L001_R1_001.fastq.gz,KL-701_S279_L001_R2_001.fastq.gz,coral_field,Cnidaria,Anthozoa,Scleractinia,Poritidae,Porites,astreoides,24.90399933,-80.61685944,Cheeca,20030930,FL,Upper Keys,14
KL-702,KL-702_S197_L001_R1_001.fastq.gz,KL-702_S197_L001_R2_001.fastq.gz,coral_field,Cnidaria,Anthozoa,Scleractinia,Faviidae,Pseudodiploria,clivosa,24.90399933,-80.61685944,Cheeca,20030930,FL,Upper Keys,15
KL-704,KL-704_S209_L001_R1_001.fastq.gz,KL-704_S209_L001_R2_001.fastq.gz,coral_field,Cnidaria,Anthozoa,Scleractinia,Oculinidae,Oculina,varicosa,24.90399933,-80.61685944,Cheeca,20030930,FL,Upper Keys,7
KL-705,KL-705_S221_L001_R1_001.fastq.gz,KL-705_S221_L001_R2_001.fastq.gz,coral_field,Cnidaria,Anthozoa,Scleractinia,Faviidae,Pseudodiploria,strigosa,24.90399933,-80.61685944,Cheeca,20030930,FL,Upper Keys,9
KL-708,KL-708_S233_L001_R1_001.fastq.gz,KL-708_S233_L001_R2_001.fastq.gz,coral_field,Cnidaria,Anthozoa,Scleractinia,Meandrinidae,Dichocoenia,stokesii,24.90399933,-80.61685944,Cheeca,20030930,FL,Upper Keys,10
KL-709,KL-709_S245_L001_R1_001.fastq.gz,KL-709_S245_L001_R2_001.fastq.gz,coral_field,Cnidaria,Anthozoa,Scleractinia,Scleractinia incertae sedis,Solenastrea,bournoni,24.90399933,-80.61685944,Cheeca,20030930,FL,Upper Keys,13
KL-710,KL-710_S257_L001_R1_001.fastq.gz,KL-710_S257_L001_R2_001.fastq.gz,coral_field,Cnidaria,Anthozoa,Scleractinia,Faviidae,Mussa,angulosa,24.90399933,-80.61685944,Cheeca,20030930,FL,Upper Keys,13
KL-CP-1,KL-CP-1_S94_L001_R1_001.fastq.gz,KL-CP-1_S94_L001_R2_001.fastq.gz,coral_field,Cnidaria,Anthozoa,Scleractinia,Faviidae,Diploria,labyrinthiformis,24.90399933,-80.61685944,Cheeca,20201012,FL,Upper Keys,10
KL-CP-10,KL-CP-10_S95_L001_R1_001.fastq.gz,KL-CP-10_S95_L001_R2_001.fastq.gz,coral_field,Cnidaria,Anthozoa,Scleractinia,Merulinidae,Orbicella,faveolata,24.90399933,-80.61685944,Cheeca,20201012,FL,Upper Keys,12
KL-CP-11,KL-CP-11_S96_L001_R1_001.fastq.gz,KL-CP-11_S96_L001_R2_001.fastq.gz,coral_field,Cnidaria,Anthozoa,Scleractinia,Faviidae,Diploria,labyrinthiformis,24.90399933,-80.61685944,Cheeca,20201012,FL,Upper Keys,13
KL-CP-12,KL-CP-12_S97_L001_R1_001.fastq.gz,KL-CP-12_S97_L001_R2_001.fastq.gz,coral_field,Cnidaria,Anthozoa,Scleractinia,Faviidae,Diploria,labyrinthiformis,24.90399933,-80.61685944,Cheeca,20201012,FL,Upper Keys,13
KL-CP-13,KL-CP-13_S106_L001_R1_001.fastq.gz,KL-CP-13_S106_L001_R2_001.fastq.gz,coral_field,Cnidaria,Anthozoa,Scleractinia,Astrocoeniidae,Stephanocoenia,intersepta,24.90399933,-80.61685944,Cheeca,20201012,FL,Upper Keys,11
KL-CP-14,KL-CP-14_S110_L001_R1_001.fastq.gz,KL-CP-14_S110_L001_R2_001.fastq.gz,coral_field,Cnidaria,Anthozoa,Scleractinia,Agariciidae,Agaricia,agaricites,24.90399933,-80.61685944,Cheeca,20201012,FL,Upper Keys,13
KL-CP-15,KL-CP-15_S111_L001_R1_001.fastq.gz,KL-CP-15_S111_L001_R2_001.fastq.gz,coral_field,Cnidaria,Anthozoa,Scleractinia,Astrocoeniidae,Stephanocoenia,intersepta,24.90399933,-80.61685944,Cheeca,20201012,FL,Upper Keys,12
KL-CP-16,KL-CP-16_S112_L001_R1_001.fastq.gz,KL-CP-16_S112_L001_R2_001.fastq.gz,coral_field,Cnidaria,Anthozoa,Scleractinia,Faviidae,Diploria,labyrinthiformis,24.90399933,-80.61685944,Cheeca,20201012,FL,Upper Keys,12
KL-CP-17,KL-CP-17_S113_L001_R1_001.fastq.gz,KL-CP-17_S113_L001_R2_001.fastq.gz,coral_field,Cnidaria,Anthozoa,Scleractinia,Poritidae,Porites,astreoides,24.90399933,-80.61685944,Cheeca,20201012,FL,Upper Keys,8
KL-CP-18,KL-CP-18_S114_L001_R1_001.fastq.gz,KL-CP-18_S114_L001_R2_001.fastq.gz,coral_field,Cnidaria,Anthozoa,Scleractinia,Poritidae,Porites,astreoides,24.90399933,-80.61685944,Cheeca,20201012,FL,Upper Keys,8
KL-CP-19,KL-CP-19_S115_L001_R1_001.fastq.gz,KL-CP-19_S115_L001_R2_001.fastq.gz,coral_field,Cnidaria,Anthozoa,Scleractinia,Poritidae,Porites,astreoides,24.90399933,-80.61685944,Cheeca,20201012,FL,Upper Keys,6
KL-CP-2,KL-CP-2_S98_L001_R1_001.fastq.gz,KL-CP-2_S98_L001_R2_001.fastq.gz,coral_field,Cnidaria,Anthozoa,Scleractinia,Merulinidae,Orbicella,faveolata,24.90399933,-80.61685944,Cheeca,20201012,FL,Upper Keys,11
KL-CP-20,KL-CP-20_S116_L001_R1_001.fastq.gz,KL-CP-20_S116_L001_R2_001.fastq.gz,coral_field,Cnidaria,Anthozoa,Scleractinia,Poritidae,Porites,astreoides,24.90399933,-80.61685944,Cheeca,20201012,FL,Upper Keys,6
KL-CP-21,KL-CP-21_S117_L001_R1_001.fastq.gz,KL-CP-21_S117_L001_R2_001.fastq.gz,coral_field,Cnidaria,Anthozoa,Scleractinia,Merulinidae,Orbicella,faveolata,24.90399933,-80.61685944,Cheeca,20201012,FL,Upper Keys,9
KL-CP-22,KL-CP-22_S107_L001_R1_001.fastq.gz,KL-CP-22_S107_L001_R2_001.fastq.gz,coral_field,Cnidaria,Anthozoa,Scleractinia,Merulinidae,Orbicella,faveolata,24.90399933,-80.61685944,Cheeca,20201012,FL,Upper Keys,8
KL-CP-23,KL-CP-23_S108_L001_R1_001.fastq.gz,KL-CP-23_S108_L001_R2_001.fastq.gz,coral_field,Cnidaria,Anthozoa,Scleractinia,Poritidae,Porites,astreoides,24.90399933,-80.61685944,Cheeca,20201012,FL,Upper Keys,8
KL-CP-24,KL-CP-24_S109_L001_R1_001.fastq.gz,KL-CP-24_S109_L001_R2_001.fastq.gz,coral_field,Cnidaria,Anthozoa,Scleractinia,Merulinidae,Orbicella,annularis,24.90399933,-80.61685944,Cheeca,20201012,FL,Upper Keys,9
KL-CP-25,KL-CP-25_S118_L001_R1_001.fastq.gz,KL-CP-25_S118_L001_R2_001.fastq.gz,coral_field,Cnidaria,Anthozoa,Scleractinia,Faviidae,Colpophyllia,natans,24.90399933,-80.61685944,Cheeca,20201012,FL,Upper Keys,12
KL-CP-26,KL-CP-26_S122_L001_R1_001.fastq.gz,KL-CP-26_S122_L001_R2_001.fastq.gz,coral_field,Cnidaria,Anthozoa,Scleractinia,Faviidae,Diploria,labyrinthiformis,24.90399933,-80.61685944,Cheeca,20201012,FL,Upper Keys,13
KL-CP-27,KL-CP-27_S123_L001_R1_001.fastq.gz,KL-CP-27_S123_L001_R2_001.fastq.gz,coral_field,Cnidaria,Anthozoa,Scleractinia,Merulinidae,Orbicella,annularis,24.90399933,-80.61685944,Cheeca,20201012,FL,Upper Keys,9
KL-CP-28,KL-CP-28_S124_L001_R1_001.fastq.gz,KL-CP-28_S124_L001_R2_001.fastq.gz,coral_field,Cnidaria,Anthozoa,Scleractinia,Poritidae,Porites,astreoides,24.90399933,-80.61685944,Cheeca,20201012,FL,Upper Keys,11
KL-CP-29,KL-CP-29_S125_L001_R1_001.fastq.gz,KL-CP-29_S125_L001_R2_001.fastq.gz,coral_field,Cnidaria,Anthozoa,Scleractinia,Merulinidae,Orbicella,faveolata,24.90399933,-80.61685944,Cheeca,20201012,FL,Upper Keys,8
KL-CP-3,KL-CP-3_S99_L001_R1_001.fastq.gz,KL-CP-3_S99_L001_R2_001.fastq.gz,coral_field,Cnidaria,Anthozoa,Scleractinia,Poritidae,Porites,astreoides,24.90399933,-80.61685944,Cheeca,20201012,FL,Upper Keys,8
KL-CP-31,KL-CP-31_S126_L001_R1_001.fastq.gz,KL-CP-31_S126_L001_R2_001.fastq.gz,coral_field,Cnidaria,Anthozoa,Scleractinia,Faviidae,Diploria,labyrinthiformis,24.90399933,-80.61685944,Cheeca,20201012,FL,Upper Keys,11
KL-CP-32,KL-CP-32_S127_L001_R1_001.fastq.gz,KL-CP-32_S127_L001_R2_001.fastq.gz,coral_field,Cnidaria,Anthozoa,Scleractinia,Poritidae,Porites,astreoides,24.90399933,-80.61685944,Cheeca,20201012,FL,Upper Keys,12
KL-CP-33,KL-CP-33_S128_L001_R1_001.fastq.gz,KL-CP-33_S128_L001_R2_001.fastq.gz,coral_field,Cnidaria,Anthozoa,Scleractinia,Faviidae,Diploria,labyrinthiformis,24.90399933,-80.61685944,Cheeca,20201012,FL,Upper Keys,13
KL-CP-34,KL-CP-34_S129_L001_R1_001.fastq.gz,KL-CP-34_S129_L001_R2_001.fastq.gz,coral_field,Cnidaria,Anthozoa,Scleractinia,Poritidae,Porites,astreoides,24.90399933,-80.61685944,Cheeca,20201012,FL,Upper Keys,12
KL-CP-35,KL-CP-35_S119_L001_R1_001.fastq.gz,KL-CP-35_S119_L001_R2_001.fastq.gz,coral_field,Cnidaria,Anthozoa,Scleractinia,Poritidae,Porites,astreoides,24.90399933,-80.61685944,Cheeca,20201012,FL,Upper Keys,10
KL-CP-36,KL-CP-36_S120_L001_R1_001.fastq.gz,KL-CP-36_S120_L001_R2_001.fastq.gz,coral_field,Cnidaria,Anthozoa,Scleractinia,Faviidae,Diploria,labyrinthiformis,24.90399933,-80.61685944,Cheeca,20201012,FL,Upper Keys,13
KL-CP-37,KL-CP-37_S121_L001_R1_001.fastq.gz,KL-CP-37_S121_L001_R2_001.fastq.gz,coral_field,Cnidaria,Anthozoa,Scleractinia,Merulinidae,Orbicella,faveolata,24.90399933,-80.61685944,Cheeca,20201012,FL,Upper Keys,11
KL-CP-38,KL-CP-38_S130_L001_R1_001.fastq.gz,KL-CP-38_S130_L001_R2_001.fastq.gz,coral_field,Cnidaria,Anthozoa,Scleractinia,Faviidae,Diploria,labyrinthiformis,24.90399933,-80.61685944,Cheeca,20201012,FL,Upper Keys,14
KL-CP-39,KL-CP-39_S134_L001_R1_001.fastq.gz,KL-CP-39_S134_L001_R2_001.fastq.gz,coral_field,Cnidaria,Anthozoa,Scleractinia,Faviidae,Diploria,labyrinthiformis,24.90399933,-80.61685944,Cheeca,20201012,FL,Upper Keys,15
KL-CP-4,KL-CP-4_S100_L001_R1_001.fastq.gz,KL-CP-4_S100_L001_R2_001.fastq.gz,coral_field,Cnidaria,Anthozoa,Scleractinia,Faviidae,Diploria,labyrinthiformis,24.90399933,-80.61685944,Cheeca,20201012,FL,Upper Keys,9
KL-CP-40,KL-CP-40_S135_L001_R1_001.fastq.gz,KL-CP-40_S135_L001_R2_001.fastq.gz,coral_field,Cnidaria,Anthozoa,Scleractinia,Scleractinia incertae sedis,Solenastrea,bournoni,24.90399933,-80.61685944,Cheeca,20201012,FL,Upper Keys,13
KL-CP-41,KL-CP-41_S136_L001_R1_001.fastq.gz,KL-CP-41_S136_L001_R2_001.fastq.gz,coral_field,Cnidaria,Anthozoa,Scleractinia,Poritidae,Porites,astreoides,24.90399933,-80.61685944,Cheeca,20201012,FL,Upper Keys,12
KL-CP-42,KL-CP-42_S137_L001_R1_001.fastq.gz,KL-CP-42_S137_L001_R2_001.fastq.gz,coral_field,Cnidaria,Anthozoa,Scleractinia,Poritidae,Porites,astreoides,24.90399933,-80.61685944,Cheeca,20201012,FL,Upper Keys,11
KL-CP-43,KL-CP-43_S138_L001_R1_001.fastq.gz,KL-CP-43_S138_L001_R2_001.fastq.gz,coral_field,Cnidaria,Anthozoa,Scleractinia,Merulinidae,Orbicella,faveolata,24.90399933,-80.61685944,Cheeca,20201012,FL,Upper Keys,9
KL-CP-44,KL-CP-44_S139_L001_R1_001.fastq.gz,KL-CP-44_S139_L001_R2_001.fastq.gz,coral_field,Cnidaria,Anthozoa,Scleractinia,Montastraeidae,Montastraea,cavernosa,24.90399933,-80.61685944,Cheeca,20201012,FL,Upper Keys,15
KL-CP-45,KL-CP-45_S140_L001_R1_001.fastq.gz,KL-CP-45_S140_L001_R2_001.fastq.gz,coral_field,Cnidaria,Anthozoa,Scleractinia,Faviidae,Diploria,labyrinthiformis,24.90399933,-80.61685944,Cheeca,20201012,FL,Upper Keys,11
KL-CP-46,KL-CP-46_S141_L001_R1_001.fastq.gz,KL-CP-46_S141_L001_R2_001.fastq.gz,coral_field,Cnidaria,Anthozoa,Scleractinia,Faviidae,Diploria,labyrinthiformis,24.90399933,-80.61685944,Cheeca,20201012,FL,Upper Keys,12
KL-CP-47,KL-CP-47_S131_L001_R1_001.fastq.gz,KL-CP-47_S131_L001_R2_001.fastq.gz,coral_field,Cnidaria,Anthozoa,Scleractinia,Poritidae,Porites,astreoides,24.90399933,-80.61685944,Cheeca,20201012,FL,Upper Keys,13
KL-CP-48,KL-CP-48_S132_L001_R1_001.fastq.gz,KL-CP-48_S132_L001_R2_001.fastq.gz,coral_field,Cnidaria,Anthozoa,Scleractinia,Astrocoeniidae,Stephanocoenia,intersepta,24.90399933,-80.61685944,Cheeca,20201012,FL,Upper Keys,12
KL-CP-49,KL-CP-49_S133_L001_R1_001.fastq.gz,KL-CP-49_S133_L001_R2_001.fastq.gz,coral_field,Cnidaria,Anthozoa,Scleractinia,Astrocoeniidae,Stephanocoenia,intersepta,24.90399933,-80.61685944,Cheeca,20201012,FL,Upper Keys,12
KL-CP-5,KL-CP-5_S101_L001_R1_001.fastq.gz,KL-CP-5_S101_L001_R2_001.fastq.gz,coral_field,Cnidaria,Anthozoa,Scleractinia,Merulinidae,Orbicella,faveolata,24.90399933,-80.61685944,Cheeca,20201012,FL,Upper Keys,11
KL-CP-50,KL-CP-50_S142_L001_R1_001.fastq.gz,KL-CP-50_S142_L001_R2_001.fastq.gz,coral_field,Cnidaria,Anthozoa,Scleractinia,Merulinidae,Orbicella,faveolata,24.90399933,-80.61685944,Cheeca,20201012,FL,Upper Keys,8
KL-CP-51,KL-CP-51_S146_L001_R1_001.fastq.gz,KL-CP-51_S146_L001_R2_001.fastq.gz,coral_field,Cnidaria,Anthozoa,Scleractinia,Astrocoeniidae,Stephanocoenia,intersepta,24.90399933,-80.61685944,Cheeca,20201012,FL,Upper Keys,14
KL-CP-52,KL-CP-52_S147_L001_R1_001.fastq.gz,KL-CP-52_S147_L001_R2_001.fastq.gz,coral_field,Cnidaria,Anthozoa,Scleractinia,Faviidae,Diploria,labyrinthiformis,24.90399933,-80.61685944,Cheeca,20201012,FL,Upper Keys,10
KL-CP-53,KL-CP-53_S148_L001_R1_001.fastq.gz,KL-CP-53_S148_L001_R2_001.fastq.gz,coral_field,Cnidaria,Anthozoa,Scleractinia,Merulinidae,Orbicella,faveolata,24.90399933,-80.61685944,Cheeca,20201012,FL,Upper Keys,9
KL-CP-54,KL-CP-54_S149_L001_R1_001.fastq.gz,KL-CP-54_S149_L001_R2_001.fastq.gz,coral_field,Cnidaria,Anthozoa,Scleractinia,Meandrinidae,Dichocoenia,stokesii,24.90399933,-80.61685944,Cheeca,20201012,FL,Upper Keys,10
KL-CP-55,KL-CP-55_S150_L001_R1_001.fastq.gz,KL-CP-55_S150_L001_R2_001.fastq.gz,coral_field,Cnidaria,Anthozoa,Scleractinia,Merulinidae,Orbicella,faveolata,24.90399933,-80.61685944,Cheeca,20201012,FL,Upper Keys,9
KL-CP-56,KL-CP-56_S151_L001_R1_001.fastq.gz,KL-CP-56_S151_L001_R2_001.fastq.gz,coral_field,Cnidaria,Anthozoa,Scleractinia,Poritidae,Porites,astreoides,24.90399933,-80.61685944,Cheeca,20201012,FL,Upper Keys,13
KL-CP-57,KL-CP-57_S152_L001_R1_001.fastq.gz,KL-CP-57_S152_L001_R2_001.fastq.gz,coral_field,Cnidaria,Anthozoa,Scleractinia,Astrocoeniidae,Stephanocoenia,intersepta,24.90399933,-80.61685944,Cheeca,20201012,FL,Upper Keys,13
KL-CP-58,KL-CP-58_S153_L001_R1_001.fastq.gz,KL-CP-58_S153_L001_R2_001.fastq.gz,coral_field,Cnidaria,Anthozoa,Scleractinia,Faviidae,Diploria,labyrinthiformis,24.90399933,-80.61685944,Cheeca,20201012,FL,Upper Keys,13
KL-CP-59,KL-CP-59_S143_L001_R1_001.fastq.gz,KL-CP-59_S143_L001_R2_001.fastq.gz,coral_field,Cnidaria,Anthozoa,Scleractinia,Merulinidae,Orbicella,faveolata,24.90399933,-80.61685944,Cheeca,20201012,FL,Upper Keys,12
KL-CP-6,KL-CP-6_S102_L001_R1_001.fastq.gz,KL-CP-6_S102_L001_R2_001.fastq.gz,coral_field,Cnidaria,Anthozoa,Scleractinia,Astrocoeniidae,Stephanocoenia,intersepta,24.90399933,-80.61685944,Cheeca,20201012,FL,Upper Keys,11
KL-CP-60,KL-CP-60_S144_L001_R1_001.fastq.gz,KL-CP-60_S144_L001_R2_001.fastq.gz,coral_field,Cnidaria,Anthozoa,Scleractinia,Poritidae,Porites,astreoides,24.90399933,-80.61685944,Cheeca,20201012,FL,Upper Keys,13
KL-CP-61,KL-CP-61_S145_L001_R1_001.fastq.gz,KL-CP-61_S145_L001_R2_001.fastq.gz,coral_field,Cnidaria,Anthozoa,Scleractinia,Astrocoeniidae,Stephanocoenia,intersepta,24.90399933,-80.61685944,Cheeca,20201012,FL,Upper Keys,12
KL-CP-62,KL-CP-62_S154_L001_R1_001.fastq.gz,KL-CP-62_S154_L001_R2_001.fastq.gz,coral_field,Cnidaria,Anthozoa,Scleractinia,Merulinidae,Orbicella,faveolata,24.90399933,-80.61685944,Cheeca,20201012,FL,Upper Keys,11
KL-CP-63,KL-CP-63_S158_L001_R1_001.fastq.gz,KL-CP-63_S158_L001_R2_001.fastq.gz,coral_field,Cnidaria,Anthozoa,Scleractinia,Astrocoeniidae,Stephanocoenia,intersepta,24.90399933,-80.61685944,Cheeca,20201012,FL,Upper Keys,12
KL-CP-64,KL-CP-64_S159_L001_R1_001.fastq.gz,KL-CP-64_S159_L001_R2_001.fastq.gz,coral_field,Cnidaria,Anthozoa,Scleractinia,Faviidae,Diploria,labyrinthiformis,24.90399933,-80.61685944,Cheeca,20201012,FL,Upper Keys,8
KL-CP-65,KL-CP-65_S160_L001_R1_001.fastq.gz,KL-CP-65_S160_L001_R2_001.fastq.gz,coral_field,Cnidaria,Anthozoa,Scleractinia,Astrocoeniidae,Stephanocoenia,intersepta,24.90399933,-80.61685944,Cheeca,20201012,FL,Upper Keys,11
KL-CP-67,KL-CP-67_S161_L001_R1_001.fastq.gz,KL-CP-67_S161_L001_R2_001.fastq.gz,coral_field,Cnidaria,Anthozoa,Scleractinia,Merulinidae,Orbicella,faveolata,24.90399933,-80.61685944,Cheeca,20201012,FL,Upper Keys,9
KL-CP-68,KL-CP-68_S162_L001_R1_001.fastq.gz,KL-CP-68_S162_L001_R2_001.fastq.gz,coral_field,Cnidaria,Anthozoa,Scleractinia,Faviidae,Diploria,labyrinthiformis,24.90399933,-80.61685944,Cheeca,20201012,FL,Upper Keys,9
KL-CP-69,KL-CP-69_S163_L001_R1_001.fastq.gz,KL-CP-69_S163_L001_R2_001.fastq.gz,coral_field,Cnidaria,Anthozoa,Scleractinia,Faviidae,Pseudodiploria,strigosa,24.90399933,-80.61685944,Cheeca,20201012,FL,Upper Keys,9
KL-CP-7,KL-CP-7_S103_L001_R1_001.fastq.gz,KL-CP-7_S103_L001_R2_001.fastq.gz,coral_field,Cnidaria,Anthozoa,Scleractinia,Faviidae,Diploria,labyrinthiformis,24.90399933,-80.61685944,Cheeca,20201012,FL,Upper Keys,12
KL-CP-70,KL-CP-70_S164_L001_R1_001.fastq.gz,KL-CP-70_S164_L001_R2_001.fastq.gz,coral_field,Cnidaria,Anthozoa,Scleractinia,Merulinidae,Orbicella,faveolata,24.90399933,-80.61685944,Cheeca,20201012,FL,Upper Keys,11
KL-CP-71,KL-CP-71_S165_L001_R1_001.fastq.gz,KL-CP-71_S165_L001_R2_001.fastq.gz,coral_field,Cnidaria,Anthozoa,Scleractinia,Astrocoeniidae,Stephanocoenia,intersepta,24.90399933,-80.61685944,Cheeca,20201012,FL,Upper Keys,12
KL-CP-72,KL-CP-72_S155_L001_R1_001.fastq.gz,KL-CP-72_S155_L001_R2_001.fastq.gz,coral_field,Cnidaria,Anthozoa,Scleractinia,Poritidae,Porites,astreoides,24.90399933,-80.61685944,Cheeca,20201012,FL,Upper Keys,13
KL-CP-73,KL-CP-73_S156_L001_R1_001.fastq.gz,KL-CP-73_S156_L001_R2_001.fastq.gz,coral_field,Cnidaria,Anthozoa,Scleractinia,Poritidae,Porites,astreoides,24.90399933,-80.61685944,Cheeca,20201012,FL,Upper Keys,12
KL-CP-74,KL-CP-74_S157_L001_R1_001.fastq.gz,KL-CP-74_S157_L001_R2_001.fastq.gz,coral_field,Cnidaria,Anthozoa,Scleractinia,Merulinidae,Orbicella,faveolata,24.90399933,-80.61685944,Cheeca,20201012,FL,Upper Keys,13
KL-CP-75,KL-CP-75_S166_L001_R1_001.fastq.gz,KL-CP-75_S166_L001_R2_001.fastq.gz,coral_field,Cnidaria,Anthozoa,Scleractinia,Merulinidae,Orbicella,faveolata,24.90399933,-80.61685944,Cheeca,20201012,FL,Upper Keys,10
KL-CP-76,KL-CP-76_S170_L001_R1_001.fastq.gz,KL-CP-76_S170_L001_R2_001.fastq.gz,coral_field,Cnidaria,Anthozoa,Scleractinia,Faviidae,Diploria,labyrinthiformis,24.90399933,-80.61685944,Cheeca,20201012,FL,Upper Keys,11
KL-CP-77,KL-CP-77_S171_L001_R1_001.fastq.gz,KL-CP-77_S171_L001_R2_001.fastq.gz,coral_field,Cnidaria,Anthozoa,Scleractinia,Merulinidae,Orbicella,faveolata,24.90399933,-80.61685944,Cheeca,20201012,FL,Upper Keys,10
KL-CP-78,KL-CP-78_S172_L001_R1_001.fastq.gz,KL-CP-78_S172_L001_R2_001.fastq.gz,coral_field,Cnidaria,Anthozoa,Scleractinia,unknown,unknown,unknown,24.90399933,-80.61685944,Cheeca,20201012,FL,Upper Keys,10
KL-CP-79,KL-CP-79_S173_L001_R1_001.fastq.gz,KL-CP-79_S173_L001_R2_001.fastq.gz,coral_field,Cnidaria,Anthozoa,Scleractinia,Poritidae,Porites,astreoides,24.90399933,-80.61685944,Cheeca,20201012,FL,Upper Keys,10
KL-CP-8,KL-CP-8_S104_L001_R1_001.fastq.gz,KL-CP-8_S104_L001_R2_001.fastq.gz,coral_field,Cnidaria,Anthozoa,Scleractinia,Merulinidae,Orbicella,faveolata,24.90399933,-80.61685944,Cheeca,20201012,FL,Upper Keys,12
KL-CP-80,KL-CP-80_S174_L001_R1_001.fastq.gz,KL-CP-80_S174_L001_R2_001.fastq.gz,coral_field,Cnidaria,Anthozoa,Scleractinia,Faviidae,Diploria,labyrinthiformis,24.90399933,-80.61685944,Cheeca,20201012,FL,Upper Keys,10
KL-CP-81,KL-CP-81_S175_L001_R1_001.fastq.gz,KL-CP-81_S175_L001_R2_001.fastq.gz,coral_field,Cnidaria,Anthozoa,Scleractinia,Faviidae,Mussa,angulosa,24.90399933,-80.61685944,Cheeca,20201012,FL,Upper Keys,12
KL-CP-82,KL-CP-82_S176_L001_R1_001.fastq.gz,KL-CP-82_S176_L001_R2_001.fastq.gz,coral_field,Cnidaria,Anthozoa,Scleractinia,Poritidae,Porites,astreoides,24.90399933,-80.61685944,Cheeca,20201012,FL,Upper Keys,12
KL-CP-83,KL-CP-83_S177_L001_R1_001.fastq.gz,KL-CP-83_S177_L001_R2_001.fastq.gz,coral_field,Cnidaria,Anthozoa,Scleractinia,Poritidae,Porites,astreoides,24.90399933,-80.61685944,Cheeca,20201012,FL,Upper Keys,9
KL-CP-84,KL-CP-84_S167_L001_R1_001.fastq.gz,KL-CP-84_S167_L001_R2_001.fastq.gz,coral_field,Cnidaria,Anthozoa,Scleractinia,Poritidae,Porites,astreoides,24.90399933,-80.61685944,Cheeca,20201012,FL,Upper Keys,10
KL-CP-85,KL-CP-85_S168_L001_R1_001.fastq.gz,KL-CP-85_S168_L001_R2_001.fastq.gz,coral_field,Cnidaria,Anthozoa,Scleractinia,Faviidae,Diploria,labyrinthiformis,24.90399933,-80.61685944,Cheeca,20201012,FL,Upper Keys,10
KL-CP-86,KL-CP-86_S169_L001_R1_001.fastq.gz,KL-CP-86_S169_L001_R2_001.fastq.gz,coral_field,Cnidaria,Anthozoa,Scleractinia,Astrocoeniidae,Stephanocoenia,intersepta,24.90399933,-80.61685944,Cheeca,20201012,FL,Upper Keys,12
KL-CP-87,KL-CP-87_S178_L001_R1_001.fastq.gz,KL-CP-87_S178_L001_R2_001.fastq.gz,coral_field,Cnidaria,Anthozoa,Scleractinia,Faviidae,Diploria,labyrinthiformis,24.90399933,-80.61685944,Cheeca,20201012,FL,Upper Keys,13
KL-CP-88,KL-CP-88_S181_L001_R1_001.fastq.gz,KL-CP-88_S181_L001_R2_001.fastq.gz,coral_field,Cnidaria,Anthozoa,Scleractinia,Faviidae,Mussa,angulosa,24.90399933,-80.61685944,Cheeca,20201012,FL,Upper Keys,13
KL-CP-89,KL-CP-89_S182_L001_R1_001.fastq.gz,KL-CP-89_S182_L001_R2_001.fastq.gz,coral_field,Cnidaria,Anthozoa,Scleractinia,Astrocoeniidae,Stephanocoenia,intersepta,24.90399933,-80.61685944,Cheeca,20201012,FL,Upper Keys,11
KL-CP-9,KL-CP-9_S105_L001_R1_001.fastq.gz,KL-CP-9_S105_L001_R2_001.fastq.gz,coral_field,Cnidaria,Anthozoa,Scleractinia,Faviidae,Diploria,labyrinthiformis,24.90399933,-80.61685944,Cheeca,20201012,FL,Upper Keys,13
KL-CP-90,KL-CP-90_S183_L001_R1_001.fastq.gz,KL-CP-90_S183_L001_R2_001.fastq.gz,coral_field,Cnidaria,Anthozoa,Scleractinia,Faviidae,Pseudodiploria,clivosa,24.90399933,-80.61685944,Cheeca,20201012,FL,Upper Keys,10
KL-PR-1,KL-PR-1_S184_L001_R1_001.fastq.gz,KL-PR-1_S184_L001_R2_001.fastq.gz,coral_field,Cnidaria,Anthozoa,Scleractinia,Pocilloporidae,Madracis,decactis,24.98698044,-80.41486359,Pickles,20201012,FL,Upper Keys,23
KL-PR-10,KL-PR-10_S382_L001_R1_001.fastq.gz,KL-PR-10_S382_L001_R2_001.fastq.gz,coral_field,Cnidaria,Anthozoa,Anthoathecata,Milleporidae,Millepora,complanata,24.98698044,-80.41486359,Pickles,20201012,FL,Upper Keys,22
KL-PR-11,KL-PR-11_S383_L001_R1_001.fastq.gz,KL-PR-11_S383_L001_R2_001.fastq.gz,coral_field,Cnidaria,Anthozoa,Scleractinia,unknown,unknown,unknown,24.98698044,-80.41486359,Pickles,20201012,FL,Upper Keys,20
KL-PR-12,KL-PR-12_S384_L001_R1_001.fastq.gz,KL-PR-12_S384_L001_R2_001.fastq.gz,coral_field,Cnidaria,Anthozoa,Scleractinia,unknown,unknown,unknown,24.98698044,-80.41486359,Pickles,20201012,FL,Upper Keys,20
KL-PR-13,KL-PR-13_S385_L001_R1_001.fastq.gz,KL-PR-13_S385_L001_R2_001.fastq.gz,coral_field,Cnidaria,Anthozoa,Scleractinia,unknown,unknown,unknown,24.98698044,-80.41486359,Pickles,20201012,FL,Upper Keys,20
KL-PR-14,KL-PR-14_S386_L001_R1_001.fastq.gz,KL-PR-14_S386_L001_R2_001.fastq.gz,coral_field,Cnidaria,Anthozoa,Scleractinia,unknown,unknown,unknown,24.98698044,-80.41486359,Pickles,20201012,FL,Upper Keys,20
KL-PR-15,KL-PR-15_S387_L001_R1_001.fastq.gz,KL-PR-15_S387_L001_R2_001.fastq.gz,coral_field,Cnidaria,Anthozoa,Scleractinia,unknown,unknown,unknown,24.98698044,-80.41486359,Pickles,20201012,FL,Upper Keys,20
KL-PR-16,KL-PR-16_S388_L001_R1_001.fastq.gz,KL-PR-16_S388_L001_R2_001.fastq.gz,coral_field,Cnidaria,Anthozoa,Scleractinia,unknown,unknown,unknown,24.98698044,-80.41486359,Pickles,20201012,FL,Upper Keys,20
KL-PR-2,KL-PR-2_S185_L001_R1_001.fastq.gz,KL-PR-2_S185_L001_R2_001.fastq.gz,coral_field,Cnidaria,Anthozoa,Scleractinia,Merulinidae,Orbicella,faveolata,24.98698044,-80.41486359,Pickles,20201012,FL,Upper Keys,19
KL-PR-3,KL-PR-3_S186_L001_R1_001.fastq.gz,KL-PR-3_S186_L001_R2_001.fastq.gz,coral_field,Cnidaria,Anthozoa,Scleractinia,Merulinidae,Orbicella,faveolata,24.98698044,-80.41486359,Pickles,20201012,FL,Upper Keys,24
KL-PR-4,KL-PR-4_S187_L001_R1_001.fastq.gz,KL-PR-4_S187_L001_R2_001.fastq.gz,coral_field,Cnidaria,Anthozoa,Scleractinia,Astrocoeniidae,Stephanocoenia,intersepta,24.98698044,-80.41486359,Pickles,20201012,FL,Upper Keys,21
KL-PR-5,KL-PR-5_S188_L001_R1_001.fastq.gz,KL-PR-5_S188_L001_R2_001.fastq.gz,coral_field,Cnidaria,Anthozoa,Scleractinia,Merulinidae,Orbicella,faveolata,24.98698044,-80.41486359,Pickles,20201012,FL,Upper Keys,16
KL-PR-6,KL-PR-6_S179_L001_R1_001.fastq.gz,KL-PR-6_S179_L001_R2_001.fastq.gz,coral_field,Cnidaria,Anthozoa,Scleractinia,Poritidae,Porites,porites,24.98698044,-80.41486359,Pickles,20201012,FL,Upper Keys,20
KL-PR-7,KL-PR-7_S180_L001_R1_001.fastq.gz,KL-PR-7_S180_L001_R2_001.fastq.gz,coral_field,Cnidaria,Anthozoa,Scleractinia,Merulinidae,Orbicella,faveolata,24.98698044,-80.41486359,Pickles,20201012,FL,Upper Keys,23
KL-PR-8,KL-PR-8_S275_L001_R1_001.fastq.gz,KL-PR-8_S275_L001_R2_001.fastq.gz,coral_field,Cnidaria,Anthozoa,Scleractinia,Agariciidae,Agaricia,agaricites,24.98698044,-80.41486359,Pickles,20201012,FL,Upper Keys,20
KL-PR-9,KL-PR-9_S378_L001_R1_001.fastq.gz,KL-PR-9_S378_L001_R2_001.fastq.gz,coral_field,Cnidaria,Anthozoa,Scleractinia,Meandrinidae,Dichocoenia,stokesii,24.98698044,-80.41486359,Pickles,20201012,FL,Upper Keys,22
CR-1,CR-1_S12_L001_R1_001.fastq.gz,CR-1_S12_L001_R2_001.fastq.gz,coral_field,Cnidaria,Anthozoa,Scleractinia,Poritidae,Porites,astreoides,24.94844437,-80.46238708,Conch,20210702,FL,Upper Keys,55
CR-10,CR-10_S21_L001_R1_001.fastq.gz,CR-10_S21_L001_R2_001.fastq.gz,coral_field,Cnidaria,Anthozoa,Scleractinia,Merulinidae,Orbicella,faveolata,24.94844437,-80.46238708,Conch,20210702,FL,Upper Keys,55
CR-11,CR-11_S22_L001_R1_001.fastq.gz,CR-11_S22_L001_R2_001.fastq.gz,coral_field,Cnidaria,Anthozoa,Scleractinia,Merulinidae,Orbicella,faveolata,24.94844437,-80.46238708,Conch,20210702,FL,Upper Keys,54
CR-12,CR-12_S23_L001_R1_001.fastq.gz,CR-12_S23_L001_R2_001.fastq.gz,coral_field,Cnidaria,Anthozoa,Scleractinia,Pocilloporidae,Madracis,decactis,24.94844437,-80.46238708,Conch,20210702,FL,Upper Keys,54
CR-13,CR-13_S24_L001_R1_001.fastq.gz,CR-13_S24_L001_R2_001.fastq.gz,coral_field,Cnidaria,Anthozoa,Scleractinia,Pocilloporidae,Madracis,decactis,24.94844437,-80.46238708,Conch,20210702,FL,Upper Keys,53
CR-14,CR-14_S14_L001_R1_001.fastq.gz,CR-14_S14_L001_R2_001.fastq.gz,coral_field,Cnidaria,Anthozoa,Scleractinia,Merulinidae,Orbicella,faveolata,24.94844437,-80.46238708,Conch,20210702,FL,Upper Keys,54
CR-15,CR-15_S15_L001_R1_001.fastq.gz,CR-15_S15_L001_R2_001.fastq.gz,coral_field,Cnidaria,Anthozoa,Scleractinia,Merulinidae,Orbicella,faveolata,24.94844437,-80.46238708,Conch,20210702,FL,Upper Keys,52
CR-16,CR-16_S16_L001_R1_001.fastq.gz,CR-16_S16_L001_R2_001.fastq.gz,coral_field,Cnidaria,Anthozoa,Scleractinia,Faviidae,Diploria,labyrinthiformis,24.94844437,-80.46238708,Conch,20210702,FL,Upper Keys,51
CR-17,CR-17_S25_L001_R1_001.fastq.gz,CR-17_S25_L001_R2_001.fastq.gz,coral_field,Cnidaria,Anthozoa,Scleractinia,Faviidae,Pseudodiploria,strigosa,24.94844437,-80.46238708,Conch,20210702,FL,Upper Keys,56
CR-18,CR-18_S29_L001_R1_001.fastq.gz,CR-18_S29_L001_R2_001.fastq.gz,coral_field,Cnidaria,Anthozoa,Scleractinia,Faviidae,Pseudodiploria,strigosa,24.94844437,-80.46238708,Conch,20210702,FL,Upper Keys,55
CR-19,CR-19_S30_L001_R1_001.fastq.gz,CR-19_S30_L001_R2_001.fastq.gz,coral_field,Cnidaria,Anthozoa,Scleractinia,Faviidae,Diploria,labyrinthiformis,24.94844437,-80.46238708,Conch,20210702,FL,Upper Keys,54
CR-20,CR-20_S31_L001_R1_001.fastq.gz,CR-20_S31_L001_R2_001.fastq.gz,coral_field,Cnidaria,Anthozoa,Scleractinia,Montastraeidae,Montastraea,cavernosa,24.94844437,-80.46238708,Conch,20210702,FL,Upper Keys,51
CR-21,CR-21_S32_L001_R1_001.fastq.gz,CR-21_S32_L001_R2_001.fastq.gz,coral_field,Cnidaria,Anthozoa,Scleractinia,Faviidae,Diploria,labyrinthiformis,24.94844437,-80.46238708,Conch,20210702,FL,Upper Keys,53
CR-22,CR-22_S33_L001_R1_001.fastq.gz,CR-22_S33_L001_R2_001.fastq.gz,coral_field,Cnidaria,Anthozoa,Scleractinia,Poritidae,Porites,astreoides,24.94844437,-80.46238708,Conch,20210702,FL,Upper Keys,50
CR-23,CR-23_S34_L001_R1_001.fastq.gz,CR-23_S34_L001_R2_001.fastq.gz,coral_field,Cnidaria,Anthozoa,Scleractinia,Merulinidae,Orbicella,faveolata,24.94844437,-80.46238708,Conch,20210702,FL,Upper Keys,54
CR-24,CR-24_S35_L001_R1_001.fastq.gz,CR-24_S35_L001_R2_001.fastq.gz,coral_field,Cnidaria,Anthozoa,Scleractinia,Merulinidae,Orbicella,faveolata,24.94844437,-80.46238708,Conch,20210702,FL,Upper Keys,54
CR-25,CR-25_S36_L001_R1_001.fastq.gz,CR-25_S36_L001_R2_001.fastq.gz,coral_field,Cnidaria,Anthozoa,Scleractinia,Rhizangiidae,Siderastrea,siderea,24.94844437,-80.46238708,Conch,20210702,FL,Upper Keys,53
CR-26,CR-26_S26_L001_R1_001.fastq.gz,CR-26_S26_L001_R2_001.fastq.gz,coral_field,Cnidaria,Anthozoa,Scleractinia,Poritidae,Porites,porites,24.94844437,-80.46238708,Conch,20210702,FL,Upper Keys,53
CR-27,CR-27_S27_L001_R1_001.fastq.gz,CR-27_S27_L001_R2_001.fastq.gz,coral_field,Cnidaria,Anthozoa,Scleractinia,Meandrinidae,Eusmilia,fastigiata,24.94844437,-80.46238708,Conch,20210702,FL,Upper Keys,54
CR-28,CR-28_S28_L001_R1_001.fastq.gz,CR-28_S28_L001_R2_001.fastq.gz,coral_field,Cnidaria,Anthozoa,Scleractinia,Rhizangiidae,Siderastrea,radians,24.94844437,-80.46238708,Conch,20210702,FL,Upper Keys,54
CR-29,CR-29_S37_L001_R1_001.fastq.gz,CR-29_S37_L001_R2_001.fastq.gz,coral_field,Cnidaria,Anthozoa,Scleractinia,Rhizangiidae,Siderastrea,radians,24.94844437,-80.46238708,Conch,20210702,FL,Upper Keys,50
CR-3,CR-3_S2_L001_R1_001.fastq.gz,CR-3_S2_L001_R2_001.fastq.gz,coral_field,Cnidaria,Anthozoa,Scleractinia,Faviidae,Diploria,labyrinthiformis,24.94844437,-80.46238708,Conch,20210702,FL,Upper Keys,52
CR-30,CR-30_S41_L001_R1_001.fastq.gz,CR-30_S41_L001_R2_001.fastq.gz,coral_field,Cnidaria,Anthozoa,Scleractinia,Astrocoeniidae,Stephanocoenia,intersepta,24.94844437,-80.46238708,Conch,20210702,FL,Upper Keys,54
CR-31,CR-31_S42_L001_R1_001.fastq.gz,CR-31_S42_L001_R2_001.fastq.gz,coral_field,Cnidaria,Anthozoa,Scleractinia,unknown,unknown,unknown,24.94844437,-80.46238708,Conch,20210702,FL,Upper Keys,55
CR-32,CR-32_S43_L001_R1_001.fastq.gz,CR-32_S43_L001_R2_001.fastq.gz,coral_field,Cnidaria,Anthozoa,Scleractinia,Faviidae,Pseudodiploria,strigosa,24.94844437,-80.46238708,Conch,20210702,FL,Upper Keys,45
CR-33,CR-33_S44_L001_R1_001.fastq.gz,CR-33_S44_L001_R2_001.fastq.gz,coral_field,Cnidaria,Anthozoa,Scleractinia,Poritidae,Porites,astreoides,24.94844437,-80.46238708,Conch,20210702,FL,Upper Keys,50
CR-34,CR-34_S45_L001_R1_001.fastq.gz,CR-34_S45_L001_R2_001.fastq.gz,coral_field,Cnidaria,Anthozoa,Scleractinia,Astrocoeniidae,Stephanocoenia,intersepta,24.94844437,-80.46238708,Conch,20210702,FL,Upper Keys,51
CR-36,CR-36_S46_L001_R1_001.fastq.gz,CR-36_S46_L001_R2_001.fastq.gz,coral_field,Cnidaria,Anthozoa,Scleractinia,Montastraeidae,Montastraea,cavernosa,24.94844437,-80.46238708,Conch,20210702,FL,Upper Keys,53
CR-4,CR-4_S3_L001_R1_001.fastq.gz,CR-4_S3_L001_R2_001.fastq.gz,coral_field,Cnidaria,Anthozoa,Scleractinia,Astrocoeniidae,Stephanocoenia,intersepta,24.94844437,-80.46238708,Conch,20210702,FL,Upper Keys,54
CR-40,CR-40_S47_L001_R1_001.fastq.gz,CR-40_S47_L001_R2_001.fastq.gz,coral_field,Cnidaria,Anthozoa,Scleractinia,unknown,unknown,unknown,24.94844437,-80.46238708,Conch,20210702,FL,Upper Keys,55
CR-41,CR-41_S48_L001_R1_001.fastq.gz,CR-41_S48_L001_R2_001.fastq.gz,coral_field,Cnidaria,Anthozoa,Scleractinia,Astrocoeniidae,Stephanocoenia,intersepta,24.94844437,-80.46238708,Conch,20210702,FL,Upper Keys,64
CR-42,CR-42_S38_L001_R1_001.fastq.gz,CR-42_S38_L001_R2_001.fastq.gz,coral_field,Cnidaria,Anthozoa,Scleractinia,Rhizangiidae,Siderastrea,siderea,24.94844437,-80.46238708,Conch,20210702,FL,Upper Keys,64
CR-43,CR-43_S39_L001_R1_001.fastq.gz,CR-43_S39_L001_R2_001.fastq.gz,coral_field,Cnidaria,Anthozoa,Scleractinia,Montastraeidae,Montastraea,cavernosa,24.94844437,-80.46238708,Conch,20210702,FL,Upper Keys,65
CR-44,CR-44_S40_L001_R1_001.fastq.gz,CR-44_S40_L001_R2_001.fastq.gz,coral_field,Cnidaria,Anthozoa,Scleractinia,Poritidae,Porites,astreoides,24.94844437,-80.46238708,Conch,20210702,FL,Upper Keys,65
CR-45,CR-45_S49_L001_R1_001.fastq.gz,CR-45_S49_L001_R2_001.fastq.gz,coral_field,Cnidaria,Anthozoa,Scleractinia,Merulinidae,Orbicella,faveolata,24.94844437,-80.46238708,Conch,20210702,FL,Upper Keys,65
CR-46,CR-46_S53_L001_R1_001.fastq.gz,CR-46_S53_L001_R2_001.fastq.gz,coral_field,Cnidaria,Anthozoa,Scleractinia,Astrocoeniidae,Stephanocoenia,intersepta,24.94844437,-80.46238708,Conch,20210702,FL,Upper Keys,64
CR-47,CR-47_S54_L001_R1_001.fastq.gz,CR-47_S54_L001_R2_001.fastq.gz,coral_field,Cnidaria,Anthozoa,Scleractinia,Poritidae,Porites,astreoides,24.94844437,-80.46238708,Conch,20210702,FL,Upper Keys,62
CR-48,CR-48_S55_L001_R1_001.fastq.gz,CR-48_S55_L001_R2_001.fastq.gz,coral_field,Cnidaria,Anthozoa,Scleractinia,Poritidae,Porites,astreoides,24.94844437,-80.46238708,Conch,20210702,FL,Upper Keys,61
CR-49,CR-49_S56_L001_R1_001.fastq.gz,CR-49_S56_L001_R2_001.fastq.gz,coral_field,Cnidaria,Anthozoa,Scleractinia,Poritidae,Porites,astreoides,24.94844437,-80.46238708,Conch,20210702,FL,Upper Keys,64
CR-5-A,CR-5-A_S4_L001_R1_001.fastq.gz,CR-5-A_S4_L001_R2_001.fastq.gz,coral_field,Cnidaria,Anthozoa,Scleractinia,Poritidae,Porites,astreoides,24.94844437,-80.46238708,Conch,20210702,FL,Upper Keys,54
CR-5-B,CR-5-B_S13_L001_R1_001.fastq.gz,CR-5-B_S13_L001_R2_001.fastq.gz,coral_field,Cnidaria,Anthozoa,Scleractinia,Poritidae,Porites,astreoides,24.94844437,-80.46238708,Conch,20210702,FL,Upper Keys,54
CR-50,CR-50_S57_L001_R1_001.fastq.gz,CR-50_S57_L001_R2_001.fastq.gz,coral_field,Cnidaria,Anthozoa,Scleractinia,Montastraeidae,Montastraea,cavernosa,24.94844437,-80.46238708,Conch,20210702,FL,Upper Keys,64
CR-51,CR-51_S58_L001_R1_001.fastq.gz,CR-51_S58_L001_R2_001.fastq.gz,coral_field,Cnidaria,Anthozoa,Scleractinia,Merulinidae,Orbicella,faveolata,24.94844437,-80.46238708,Conch,20210702,FL,Upper Keys,63
CR-52,CR-52_S59_L001_R1_001.fastq.gz,CR-52_S59_L001_R2_001.fastq.gz,coral_field,Cnidaria,Anthozoa,Scleractinia,Astrocoeniidae,Stephanocoenia,intersepta,24.94844437,-80.46238708,Conch,20210702,FL,Upper Keys,57
CR-53,CR-53_S60_L001_R1_001.fastq.gz,CR-53_S60_L001_R2_001.fastq.gz,coral_field,Cnidaria,Anthozoa,Scleractinia,Poritidae,Porites,astreoides,24.94844437,-80.46238708,Conch,20210702,FL,Upper Keys,57
CR-54,CR-54_S50_L001_R1_001.fastq.gz,CR-54_S50_L001_R2_001.fastq.gz,coral_field,Cnidaria,Anthozoa,Scleractinia,Montastraeidae,Montastraea,cavernosa,24.94844437,-80.46238708,Conch,20210702,FL,Upper Keys,55
CR-55,CR-55_S51_L001_R1_001.fastq.gz,CR-55_S51_L001_R2_001.fastq.gz,coral_field,Cnidaria,Anthozoa,Scleractinia,Astrocoeniidae,Stephanocoenia,intersepta,24.94844437,-80.46238708,Conch,20210702,FL,Upper Keys,55
CR-56,CR-56_S52_L001_R1_001.fastq.gz,CR-56_S52_L001_R2_001.fastq.gz,coral_field,Cnidaria,Anthozoa,Scleractinia,Poritidae,Porites,astreoides,24.94844437,-80.46238708,Conch,20210702,FL,Upper Keys,55
CR-57,CR-57_S61_L001_R1_001.fastq.gz,CR-57_S61_L001_R2_001.fastq.gz,coral_field,Cnidaria,Anthozoa,Scleractinia,Merulinidae,Orbicella,faveolata,24.94844437,-80.46238708,Conch,20210702,FL,Upper Keys,56
CR-58,CR-58_S65_L001_R1_001.fastq.gz,CR-58_S65_L001_R2_001.fastq.gz,coral_field,Cnidaria,Anthozoa,Scleractinia,Merulinidae,Orbicella,faveolata,24.94844437,-80.46238708,Conch,20210702,FL,Upper Keys,56
CR-59,CR-59_S66_L001_R1_001.fastq.gz,CR-59_S66_L001_R2_001.fastq.gz,coral_field,Cnidaria,Anthozoa,Scleractinia,Rhizangiidae,Siderastrea,radians,24.94844437,-80.46238708,Conch,20210702,FL,Upper Keys,55
CR-6,CR-6_S17_L001_R1_001.fastq.gz,CR-6_S17_L001_R2_001.fastq.gz,coral_field,Cnidaria,Anthozoa,Scleractinia,Merulinidae,Orbicella,faveolata,24.94844437,-80.46238708,Conch,20210702,FL,Upper Keys,52
CR-60,CR-60_S67_L001_R1_001.fastq.gz,CR-60_S67_L001_R2_001.fastq.gz,coral_field,Cnidaria,Anthozoa,Scleractinia,Rhizangiidae,Siderastrea,siderea,24.94844437,-80.46238708,Conch,20210702,FL,Upper Keys,56
CR-7,CR-7_S18_L001_R1_001.fastq.gz,CR-7_S18_L001_R2_001.fastq.gz,coral_field,Cnidaria,Anthozoa,Scleractinia,Astrocoeniidae,Stephanocoenia,intersepta,24.94844437,-80.46238708,Conch,20210702,FL,Upper Keys,55
CR-8,CR-8_S19_L001_R1_001.fastq.gz,CR-8_S19_L001_R2_001.fastq.gz,coral_field,Cnidaria,Anthozoa,Scleractinia,Merulinidae,Orbicella,faveolata,24.94844437,-80.46238708,Conch,20210702,FL,Upper Keys,54
CR-9,CR-9_S20_L001_R1_001.fastq.gz,CR-9_S20_L001_R2_001.fastq.gz,coral_field,Cnidaria,Anthozoa,Scleractinia,Montastraeidae,Montastraea,cavernosa,24.94844437,-80.46238708,Conch,20210702,FL,Upper Keys,56
Tr-1,Tr-1_S449_L001_R1_001.fastq.gz,Tr-1_S449_L001_R2_001.fastq.gz,coral_field,Cnidaria,Anthozoa,Scleractinia,Faviidae,Colpophyllia,natans,24.93535233,-80.54960632,Tavernier Rocks,20210702,FL,Upper Keys,15
Tr-10,Tr-10_S458_L001_R1_001.fastq.gz,Tr-10_S458_L001_R2_001.fastq.gz,coral_field,Cnidaria,Anthozoa,Scleractinia,Rhizangiidae,Siderastrea,siderea,24.93535233,-80.54960632,Tavernier Rocks,20210702,FL,Upper Keys,16
Tr-11,Tr-11_S459_L001_R1_001.fastq.gz,Tr-11_S459_L001_R2_001.fastq.gz,coral_field,Cnidaria,Anthozoa,Scleractinia,Rhizangiidae,Siderastrea,siderea,24.93535233,-80.54960632,Tavernier Rocks,20210702,FL,Upper Keys,17
Tr-12,Tr-12_S460_L001_R1_001.fastq.gz,Tr-12_S460_L001_R2_001.fastq.gz,coral_field,Cnidaria,Anthozoa,Scleractinia,unknown,unknown,unknown,24.93535233,-80.54960632,Tavernier Rocks,20210702,FL,Upper Keys,17
Tr-13,Tr-13_S461_L001_R1_001.fastq.gz,Tr-13_S461_L001_R2_001.fastq.gz,coral_field,Cnidaria,Anthozoa,Scleractinia,Astrocoeniidae,Stephanocoenia,intersepta,24.93535233,-80.54960632,Tavernier Rocks,20210702,FL,Upper Keys,17
Tr-14,Tr-14_S451_L001_R1_001.fastq.gz,Tr-14_S451_L001_R2_001.fastq.gz,coral_field,Cnidaria,Anthozoa,Scleractinia,Scleractinia incertae sedis,Solenastrea,bournoni,24.93535233,-80.54960632,Tavernier Rocks,20210702,FL,Upper Keys,17
Tr-15,Tr-15_S452_L001_R1_001.fastq.gz,Tr-15_S452_L001_R2_001.fastq.gz,coral_field,Cnidaria,Anthozoa,Scleractinia,Rhizangiidae,Siderastrea,radians,24.93535233,-80.54960632,Tavernier Rocks,20210702,FL,Upper Keys,17
Tr-16,Tr-16_S453_L001_R1_001.fastq.gz,Tr-16_S453_L001_R2_001.fastq.gz,coral_field,Cnidaria,Anthozoa,Scleractinia,Faviidae,Diploria,labyrinthiformis,24.93535233,-80.54960632,Tavernier Rocks,20210702,FL,Upper Keys,16
Tr-17,Tr-17_S462_L001_R1_001.fastq.gz,Tr-17_S462_L001_R2_001.fastq.gz,coral_field,Cnidaria,Anthozoa,Scleractinia,Scleractinia incertae sedis,Solenastrea,bournoni,24.93535233,-80.54960632,Tavernier Rocks,20210702,FL,Upper Keys,18
Tr-18,Tr-18_S465_L001_R1_001.fastq.gz,Tr-18_S465_L001_R2_001.fastq.gz,coral_field,Cnidaria,Anthozoa,Scleractinia,Astrocoeniidae,Stephanocoenia,intersepta,24.93535233,-80.54960632,Tavernier Rocks,20210702,FL,Upper Keys,17
Tr-19,Tr-19_S466_L001_R1_001.fastq.gz,Tr-19_S466_L001_R2_001.fastq.gz,coral_field,Cnidaria,Anthozoa,Scleractinia,Faviidae,Diploria,labyrinthiformis,24.93535233,-80.54960632,Tavernier Rocks,20210702,FL,Upper Keys,14
Tr-2,Tr-2_S439_L001_R1_001.fastq.gz,Tr-2_S439_L001_R2_001.fastq.gz,coral_field,Cnidaria,Anthozoa,Scleractinia,Merulinidae,Orbicella,faveolata,24.93535233,-80.54960632,Tavernier Rocks,20210702,FL,Upper Keys,11
Tr-20,Tr-20_S467_L001_R1_001.fastq.gz,Tr-20_S467_L001_R2_001.fastq.gz,coral_field,Cnidaria,Anthozoa,Scleractinia,Astrocoeniidae,Stephanocoenia,intersepta,24.93535233,-80.54960632,Tavernier Rocks,20210702,FL,Upper Keys,16
Tr-21,Tr-21_S468_L001_R1_001.fastq.gz,Tr-21_S468_L001_R2_001.fastq.gz,coral_field,Cnidaria,Anthozoa,Scleractinia,Faviidae,Colpophyllia,natans,24.93535233,-80.54960632,Tavernier Rocks,20210702,FL,Upper Keys,16
Tr-22,Tr-22_S469_L001_R1_001.fastq.gz,Tr-22_S469_L001_R2_001.fastq.gz,coral_field,Cnidaria,Anthozoa,Scleractinia,Scleractinia incertae sedis,Solenastrea,bournoni,24.93535233,-80.54960632,Tavernier Rocks,20210702,FL,Upper Keys,18
Tr-23,Tr-23_S470_L001_R1_001.fastq.gz,Tr-23_S470_L001_R2_001.fastq.gz,coral_field,Cnidaria,Anthozoa,Scleractinia,Faviidae,Diploria,labyrinthiformis,24.93535233,-80.54960632,Tavernier Rocks,20210702,FL,Upper Keys,19
Tr-24,Tr-24_S471_L001_R1_001.fastq.gz,Tr-24_S471_L001_R2_001.fastq.gz,coral_field,Cnidaria,Anthozoa,Scleractinia,Scleractinia incertae sedis,Solenastrea,bournoni,24.93535233,-80.54960632,Tavernier Rocks,20210702,FL,Upper Keys,18
Tr-25,Tr-25_S472_L001_R1_001.fastq.gz,Tr-25_S472_L001_R2_001.fastq.gz,coral_field,Cnidaria,Anthozoa,Scleractinia,Rhizangiidae,Siderastrea,radians,24.93535233,-80.54960632,Tavernier Rocks,20210702,FL,Upper Keys,19
Tr-26,Tr-26_S463_L001_R1_001.fastq.gz,Tr-26_S463_L001_R2_001.fastq.gz,coral_field,Cnidaria,Anthozoa,Scleractinia,Scleractinia incertae sedis,Solenastrea,bournoni,24.93535233,-80.54960632,Tavernier Rocks,20210702,FL,Upper Keys,17
Tr-27,Tr-27_S464_L001_R1_001.fastq.gz,Tr-27_S464_L001_R2_001.fastq.gz,coral_field,Cnidaria,Anthozoa,Scleractinia,Scleractinia incertae sedis,Solenastrea,bournoni,24.93535233,-80.54960632,Tavernier Rocks,20210702,FL,Upper Keys,19
Tr-28,Tr-28_S274_L001_R1_001.fastq.gz,Tr-28_S274_L001_R2_001.fastq.gz,coral_field,Cnidaria,Anthozoa,Scleractinia,Faviidae,Pseudodiploria,clivosa,24.93535233,-80.54960632,Tavernier Rocks,20210702,FL,Upper Keys,19
Tr-29,Tr-29_S1_L001_R1_001.fastq.gz,Tr-29_S1_L001_R2_001.fastq.gz,coral_field,Cnidaria,Anthozoa,Scleractinia,Faviidae,Pseudodiploria,strigosa,24.93535233,-80.54960632,Tavernier Rocks,20210702,FL,Upper Keys,15
Tr-3,Tr-3_S440_L001_R1_001.fastq.gz,Tr-3_S440_L001_R2_001.fastq.gz,coral_field,Cnidaria,Anthozoa,Scleractinia,Merulinidae,Orbicella,faveolata,24.93535233,-80.54960632,Tavernier Rocks,20210702,FL,Upper Keys,11
Tr-30,Tr-30_S5_L001_R1_001.fastq.gz,Tr-30_S5_L001_R2_001.fastq.gz,coral_field,Cnidaria,Anthozoa,Scleractinia,Merulinidae,Orbicella,faveolata,24.93535233,-80.54960632,Tavernier Rocks,20210702,FL,Upper Keys,11
Tr-31-A,Tr-31-A_S6_L001_R1_001.fastq.gz,Tr-31-A_S6_L001_R2_001.fastq.gz,coral_field,Cnidaria,Anthozoa,Scleractinia,Faviidae,Diploria,labyrinthiformis,24.93535233,-80.54960632,Tavernier Rocks,20210702,FL,Upper Keys,12
Tr-31-B,Tr-31-B_S7_L001_R1_001.fastq.gz,Tr-31-B_S7_L001_R2_001.fastq.gz,coral_field,Cnidaria,Anthozoa,Scleractinia,Faviidae,Diploria,labyrinthiformis,24.93535233,-80.54960632,Tavernier Rocks,20210702,FL,Upper Keys,12
Tr-32,Tr-32_S8_L001_R1_001.fastq.gz,Tr-32_S8_L001_R2_001.fastq.gz,coral_field,Cnidaria,Anthozoa,Scleractinia,Faviidae,Diploria,labyrinthiformis,24.93535233,-80.54960632,Tavernier Rocks,20210702,FL,Upper Keys,12
Tr-33,Tr-33_S9_L001_R1_001.fastq.gz,Tr-33_S9_L001_R2_001.fastq.gz,coral_field,Cnidaria,Anthozoa,Scleractinia,Merulinidae,Orbicella,faveolata,24.93535233,-80.54960632,Tavernier Rocks,20210702,FL,Upper Keys,8
Tr-34,Tr-34_S10_L001_R1_001.fastq.gz,Tr-34_S10_L001_R2_001.fastq.gz,coral_field,Cnidaria,Anthozoa,Scleractinia,Poritidae,Porites,astreoides,24.93535233,-80.54960632,Tavernier Rocks,20210702,FL,Upper Keys,8
Tr-35,Tr-35_S11_L001_R1_001.fastq.gz,Tr-35_S11_L001_R2_001.fastq.gz,coral_field,Cnidaria,Anthozoa,Scleractinia,Merulinidae,Orbicella,faveolata,24.93535233,-80.54960632,Tavernier Rocks,20210702,FL,Upper Keys,11
Tr-4,Tr-4_S441_L001_R1_001.fastq.gz,Tr-4_S441_L001_R2_001.fastq.gz,coral_field,Cnidaria,Anthozoa,Scleractinia,Faviidae,Colpophyllia,natans,24.93535233,-80.54960632,Tavernier Rocks,20210702,FL,Upper Keys,16
Tr-5,Tr-5_S450_L001_R1_001.fastq.gz,Tr-5_S450_L001_R2_001.fastq.gz,coral_field,Cnidaria,Anthozoa,Scleractinia,Faviidae,Pseudodiploria,strigosa,24.93535233,-80.54960632,Tavernier Rocks,20210702,FL,Upper Keys,13
Tr-6,Tr-6_S454_L001_R1_001.fastq.gz,Tr-6_S454_L001_R2_001.fastq.gz,coral_field,Cnidaria,Anthozoa,Scleractinia,Poritidae,Porites,astreoides,24.93535233,-80.54960632,Tavernier Rocks,20210702,FL,Upper Keys,15
Tr-7,Tr-7_S455_L001_R1_001.fastq.gz,Tr-7_S455_L001_R2_001.fastq.gz,coral_field,Cnidaria,Anthozoa,Scleractinia,Poritidae,Porites,astreoides,24.93535233,-80.54960632,Tavernier Rocks,20210702,FL,Upper Keys,16
Tr-8,Tr-8_S456_L001_R1_001.fastq.gz,Tr-8_S456_L001_R2_001.fastq.gz,coral_field,Cnidaria,Anthozoa,Scleractinia,Scleractinia incertae sedis,Solenastrea,bournoni,24.93535233,-80.54960632,Tavernier Rocks,20210702,FL,Upper Keys,16
Tr-9,Tr-9_S457_L001_R1_001.fastq.gz,Tr-9_S457_L001_R2_001.fastq.gz,coral_field,Cnidaria,Anthozoa,Scleractinia,Rhizangiidae,Siderastrea,siderea,24.93535233,-80.54960632,Tavernier Rocks,20210702,FL,Upper Keys,17
Tri-23,Tri-23_S411_L001_R1_001.fastq.gz,Tri-23_S411_L001_R2_001.fastq.gz,coral_field,Cnidaria,Anthozoa,Scleractinia,Meandrinidae,Dichocoenia,stokesii,24.93535233,-80.54960632,Tavernier Rocks,20210702,FL,Upper Keys,18
Tri-24,Tri-24_S412_L001_R1_001.fastq.gz,Tri-24_S412_L001_R2_001.fastq.gz,coral_field,Cnidaria,Anthozoa,Scleractinia,Faviidae,Colpophyllia,natans,24.93535233,-80.54960632,Tavernier Rocks,20210702,FL,Upper Keys,16
Tri-25,Tri-25_S413_L001_R1_001.fastq.gz,Tri-25_S413_L001_R2_001.fastq.gz,coral_field,Cnidaria,Anthozoa,Scleractinia,Faviidae,Colpophyllia,natans,24.93535233,-80.54960632,Tavernier Rocks,20210702,FL,Upper Keys,19
Tri-26,Tri-26_S403_L001_R1_001.fastq.gz,Tri-26_S403_L001_R2_001.fastq.gz,coral_field,Cnidaria,Anthozoa,Scleractinia,Meandrinidae,Dichocoenia,stokesii,24.93535233,-80.54960632,Tavernier Rocks,20210702,FL,Upper Keys,18
Tri-27,Tri-27_S404_L001_R1_001.fastq.gz,Tri-27_S404_L001_R2_001.fastq.gz,coral_field,Cnidaria,Anthozoa,Scleractinia,Scleractinia incertae sedis,Solenastrea,bournoni,24.93535233,-80.54960632,Tavernier Rocks,20210702,FL,Upper Keys,19
Tri-28,Tri-28_S405_L001_R1_001.fastq.gz,Tri-28_S405_L001_R2_001.fastq.gz,coral_field,Cnidaria,Anthozoa,Scleractinia,Faviidae,Diploria,labyrinthiformis,24.93535233,-80.54960632,Tavernier Rocks,20210702,FL,Upper Keys,19
Tri-29,Tri-29_S414_L001_R1_001.fastq.gz,Tri-29_S414_L001_R2_001.fastq.gz,coral_field,Cnidaria,Anthozoa,Scleractinia,Faviidae,Mussa,angulosa,24.93535233,-80.54960632,Tavernier Rocks,20210702,FL,Upper Keys,19
Tri-30,Tri-30_S418_L001_R1_001.fastq.gz,Tri-30_S418_L001_R2_001.fastq.gz,coral_field,Cnidaria,Anthozoa,Scleractinia,Faviidae,Diploria,labyrinthiformis,24.93535233,-80.54960632,Tavernier Rocks,20210702,FL,Upper Keys,19
Tri-45,Tri-45_S433_L001_R1_001.fastq.gz,Tri-45_S433_L001_R2_001.fastq.gz,coral_field,Cnidaria,Anthozoa,Scleractinia,Meandrinidae,Dichocoenia,stokesii,24.93535233,-80.54960632,Tavernier Rocks,20210702,FL,Upper Keys,17
Tri-46,Tri-46_S434_L001_R1_001.fastq.gz,Tri-46_S434_L001_R2_001.fastq.gz,coral_field,Cnidaria,Anthozoa,Scleractinia,Faviidae,Diploria,labyrinthiformis,24.93535233,-80.54960632,Tavernier Rocks,20210702,FL,Upper Keys,19
Tri-47,Tri-47_S435_L001_R1_001.fastq.gz,Tri-47_S435_L001_R2_001.fastq.gz,coral_field,Cnidaria,Anthozoa,Scleractinia,Faviidae,Colpophyllia,natans,24.93535233,-80.54960632,Tavernier Rocks,20210702,FL,Upper Keys,16
Tri-48,Tri-48_S436_L001_R1_001.fastq.gz,Tri-48_S436_L001_R2_001.fastq.gz,coral_field,Cnidaria,Anthozoa,Scleractinia,Faviidae,Colpophyllia,natans,24.93535233,-80.54960632,Tavernier Rocks,20210702,FL,Upper Keys,17
Tri-49,Tri-49_S437_L001_R1_001.fastq.gz,Tri-49_S437_L001_R2_001.fastq.gz,coral_field,Cnidaria,Anthozoa,Scleractinia,Faviidae,Colpophyllia,natans,24.93535233,-80.54960632,Tavernier Rocks,20210702,FL,Upper Keys,16
Tri-50,Tri-50_S427_L001_R1_001.fastq.gz,Tri-50_S427_L001_R2_001.fastq.gz,coral_field,Cnidaria,Anthozoa,Scleractinia,Faviidae,Pseudodiploria,clivosa,24.93535233,-80.54960632,Tavernier Rocks,20210702,FL,Upper Keys,18
Tri-51,Tri-51_S428_L001_R1_001.fastq.gz,Tri-51_S428_L001_R2_001.fastq.gz,coral_field,Cnidaria,Anthozoa,Scleractinia,Merulinidae,Orbicella,annularis,24.93535233,-80.54960632,Tavernier Rocks,20210702,FL,Upper Keys,16
Tri-52,Tri-52_S429_L001_R1_001.fastq.gz,Tri-52_S429_L001_R2_001.fastq.gz,coral_field,Cnidaria,Anthozoa,Scleractinia,Faviidae,Colpophyllia,natans,24.93535233,-80.54960632,Tavernier Rocks,20210702,FL,Upper Keys,16
Tri-53,Tri-53_S438_L001_R1_001.fastq.gz,Tri-53_S438_L001_R2_001.fastq.gz,coral_field,Cnidaria,Anthozoa,Scleractinia,Faviidae,Diploria,labyrinthiformis,24.93535233,-80.54960632,Tavernier Rocks,20210702,FL,Upper Keys,17
Tri-54,Tri-54_S442_L001_R1_001.fastq.gz,Tri-54_S442_L001_R2_001.fastq.gz,coral_field,Cnidaria,Anthozoa,Scleractinia,Faviidae,Pseudodiploria,strigosa,24.93535233,-80.54960632,Tavernier Rocks,20210702,FL,Upper Keys,14
Tri-55,Tri-55_S443_L001_R1_001.fastq.gz,Tri-55_S443_L001_R2_001.fastq.gz,coral_field,Cnidaria,Anthozoa,Scleractinia,Faviidae,Pseudodiploria,clivosa,24.93535233,-80.54960632,Tavernier Rocks,20210702,FL,Upper Keys,17
Tri-56,Tri-56_S444_L001_R1_001.fastq.gz,Tri-56_S444_L001_R2_001.fastq.gz,coral_field,Cnidaria,Anthozoa,Scleractinia,Faviidae,Colpophyllia,natans,24.93535233,-80.54960632,Tavernier Rocks,20210702,FL,Upper Keys,8
Tri-57,Tri-57_S445_L001_R1_001.fastq.gz,Tri-57_S445_L001_R2_001.fastq.gz,coral_field,Cnidaria,Anthozoa,Scleractinia,Faviidae,Mycetophyllia,aliciae,24.93535233,-80.54960632,Tavernier Rocks,20210702,FL,Upper Keys,17
Tri-58,Tri-58_S446_L001_R1_001.fastq.gz,Tri-58_S446_L001_R2_001.fastq.gz,coral_field,Cnidaria,Anthozoa,Scleractinia,Faviidae,Diploria,labyrinthiformis,24.93535233,-80.54960632,Tavernier Rocks,20210702,FL,Upper Keys,12
Tri-59,Tri-59_S447_L001_R1_001.fastq.gz,Tri-59_S447_L001_R2_001.fastq.gz,coral_field,Cnidaria,Anthozoa,Scleractinia,Faviidae,Mycetophyllia,aliciae,24.93535233,-80.54960632,Tavernier Rocks,20210702,FL,Upper Keys,13
Tri-60,Tri-60_S448_L001_R1_001.fastq.gz,Tri-60_S448_L001_R2_001.fastq.gz,coral_field,Cnidaria,Anthozoa,Scleractinia,Faviidae,Pseudodiploria,strigosa,24.93535233,-80.54960632,Tavernier Rocks,20210702,FL,Upper Keys,16
Tri-1,Tri-1_S389_L001_R1_001.fastq.gz,Tri-1_S389_L001_R2_001.fastq.gz,coral_field,Cnidaria,Anthozoa,Scleractinia,Scleractinia incertae sedis,Solenastrea,hyades,25.00873947,-80.44978333,Triangles,20210702,FL,Upper Keys,9
Tri-10,Tri-10_S398_L001_R1_001.fastq.gz,Tri-10_S398_L001_R2_001.fastq.gz,coral_field,Cnidaria,Anthozoa,Scleractinia,Poritidae,Porites,astreoides,25.00873947,-80.44978333,Triangles,20210702,FL,Upper Keys,9
Tri-11,Tri-11_S399_L001_R1_001.fastq.gz,Tri-11_S399_L001_R2_001.fastq.gz,coral_field,Cnidaria,Anthozoa,Scleractinia,Merulinidae,Orbicella,faveolata,25.00873947,-80.44978333,Triangles,20210702,FL,Upper Keys,10
Tri-12,Tri-12_S400_L001_R1_001.fastq.gz,Tri-12_S400_L001_R2_001.fastq.gz,coral_field,Cnidaria,Anthozoa,Scleractinia,Meandrinidae,Dichocoenia,stokesii,25.00873947,-80.44978333,Triangles,20210702,FL,Upper Keys,9
Tri-13,Tri-13_S401_L001_R1_001.fastq.gz,Tri-13_S401_L001_R2_001.fastq.gz,coral_field,Cnidaria,Anthozoa,Scleractinia,Faviidae,Diploria,labyrinthiformis,25.00873947,-80.44978333,Triangles,20210702,FL,Upper Keys,9
Tri-14,Tri-14_S391_L001_R1_001.fastq.gz,Tri-14_S391_L001_R2_001.fastq.gz,coral_field,Cnidaria,Anthozoa,Scleractinia,Poritidae,Porites,astreoides,25.00873947,-80.44978333,Triangles,20210702,FL,Upper Keys,8
Tri-15,Tri-15_S392_L001_R1_001.fastq.gz,Tri-15_S392_L001_R2_001.fastq.gz,coral_field,Cnidaria,Anthozoa,Scleractinia,Meandrinidae,Dichocoenia,stokesii,25.00873947,-80.44978333,Triangles,20210702,FL,Upper Keys,9
Tri-16,Tri-16_S393_L001_R1_001.fastq.gz,Tri-16_S393_L001_R2_001.fastq.gz,coral_field,Cnidaria,Anthozoa,Scleractinia,Merulinidae,Orbicella,faveolata,25.00873947,-80.44978333,Triangles,20210702,FL,Upper Keys,8
Tri-17,Tri-17_S402_L001_R1_001.fastq.gz,Tri-17_S402_L001_R2_001.fastq.gz,coral_field,Cnidaria,Anthozoa,Scleractinia,Merulinidae,Orbicella,faveolata,25.00873947,-80.44978333,Triangles,20210702,FL,Upper Keys,8
Tri-18,Tri-18_S406_L001_R1_001.fastq.gz,Tri-18_S406_L001_R2_001.fastq.gz,coral_field,Cnidaria,Anthozoa,Scleractinia,Merulinidae,Orbicella,faveolata,25.00873947,-80.44978333,Triangles,20210702,FL,Upper Keys,10
Tri-19,Tri-19_S407_L001_R1_001.fastq.gz,Tri-19_S407_L001_R2_001.fastq.gz,coral_field,Cnidaria,Anthozoa,Scleractinia,Scleractinia incertae sedis,Solenastrea,bournoni,25.00873947,-80.44978333,Triangles,20210702,FL,Upper Keys,9
Tri-2,Tri-2_S379_L001_R1_001.fastq.gz,Tri-2_S379_L001_R2_001.fastq.gz,coral_field,Cnidaria,Anthozoa,Scleractinia,Faviidae,Diploria,labyrinthiformis,25.00873947,-80.44978333,Triangles,20210702,FL,Upper Keys,9
Tri-20,Tri-20_S408_L001_R1_001.fastq.gz,Tri-20_S408_L001_R2_001.fastq.gz,coral_field,Cnidaria,Anthozoa,Scleractinia,Faviidae,Diploria,labyrinthiformis,25.00873947,-80.44978333,Triangles,20210702,FL,Upper Keys,11
Tri-21,Tri-21_S409_L001_R1_001.fastq.gz,Tri-21_S409_L001_R2_001.fastq.gz,coral_field,Cnidaria,Anthozoa,Scleractinia,unknown,unknown,unknown,25.00873947,-80.44978333,Triangles,20210702,FL,Upper Keys,10
Tri-22,Tri-22_S410_L001_R1_001.fastq.gz,Tri-22_S410_L001_R2_001.fastq.gz,coral_field,Cnidaria,Anthozoa,Scleractinia,unknown,unknown,unknown,25.00873947,-80.44978333,Triangles,20210702,FL,Upper Keys,10
Tri-3,Tri-3_S380_L001_R1_001.fastq.gz,Tri-3_S380_L001_R2_001.fastq.gz,coral_field,Cnidaria,Anthozoa,Scleractinia,Rhizangiidae,Siderastrea,siderea,25.00873947,-80.44978333,Triangles,20210702,FL,Upper Keys,9
Tri-31,Tri-31_S419_L001_R1_001.fastq.gz,Tri-31_S419_L001_R2_001.fastq.gz,coral_field,Cnidaria,Anthozoa,Scleractinia,Merulinidae,Orbicella,faveolata,25.00873947,-80.44978333,Triangles,20210702,FL,Upper Keys,8
Tri-32,Tri-32_S420_L001_R1_001.fastq.gz,Tri-32_S420_L001_R2_001.fastq.gz,coral_field,Cnidaria,Anthozoa,Scleractinia,Scleractinia incertae sedis,Solenastrea,bournoni,25.00873947,-80.44978333,Triangles,20210702,FL,Upper Keys,9
Tri-33,Tri-33_S421_L001_R1_001.fastq.gz,Tri-33_S421_L001_R2_001.fastq.gz,coral_field,Cnidaria,Anthozoa,Scleractinia,Poritidae,Porites,porites,25.00873947,-80.44978333,Triangles,20210702,FL,Upper Keys,7
Tri-34,Tri-34_S422_L001_R1_001.fastq.gz,Tri-34_S422_L001_R2_001.fastq.gz,coral_field,Cnidaria,Anthozoa,Scleractinia,Poritidae,Porites,astreoides,25.00873947,-80.44978333,Triangles,20210702,FL,Upper Keys,8
Tri-35,Tri-35_S423_L001_R1_001.fastq.gz,Tri-35_S423_L001_R2_001.fastq.gz,coral_field,Cnidaria,Anthozoa,Scleractinia,unknown,DS,unknown,25.00873947,-80.44978333,Triangles,20210702,FL,Upper Keys,9
Tri-36,Tri-36_S424_L001_R1_001.fastq.gz,Tri-36_S424_L001_R2_001.fastq.gz,coral_field,Cnidaria,Anthozoa,Scleractinia,Astrocoeniidae,Stephanocoenia,intersepta,25.00873947,-80.44978333,Triangles,20210702,FL,Upper Keys,8
Tri-37,Tri-37_S425_L001_R1_001.fastq.gz,Tri-37_S425_L001_R2_001.fastq.gz,coral_field,Cnidaria,Anthozoa,Scleractinia,Merulinidae,Orbicella,faveolata,25.00873947,-80.44978333,Triangles,20210702,FL,Upper Keys,8
Tri-38,Tri-38_S415_L001_R1_001.fastq.gz,Tri-38_S415_L001_R2_001.fastq.gz,coral_field,Cnidaria,Anthozoa,Scleractinia,Poritidae,Porites,astreoides,25.00873947,-80.44978333,Triangles,20210702,FL,Upper Keys,9
Tri-39,Tri-39_S416_L001_R1_001.fastq.gz,Tri-39_S416_L001_R2_001.fastq.gz,coral_field,Cnidaria,Anthozoa,Scleractinia,Faviidae,Diploria,labyrinthiformis,25.00873947,-80.44978333,Triangles,20210702,FL,Upper Keys,10
Tri-4,Tri-4_S381_L001_R1_001.fastq.gz,Tri-4_S381_L001_R2_001.fastq.gz,coral_field,Cnidaria,Anthozoa,Scleractinia,Poritidae,Porites,porites,25.00873947,-80.44978333,Triangles,20210702,FL,Upper Keys,8
Tri-40,Tri-40_S417_L001_R1_001.fastq.gz,Tri-40_S417_L001_R2_001.fastq.gz,coral_field,Cnidaria,Anthozoa,Scleractinia,Merulinidae,Orbicella,faveolata,25.00873947,-80.44978333,Triangles,20210702,FL,Upper Keys,9
Tri-41,Tri-41_S426_L001_R1_001.fastq.gz,Tri-41_S426_L001_R2_001.fastq.gz,coral_field,Cnidaria,Anthozoa,Scleractinia,Poritidae,Porites,porites,25.00873947,-80.44978333,Triangles,20210702,FL,Upper Keys,10
Tri-42,Tri-42_S430_L001_R1_001.fastq.gz,Tri-42_S430_L001_R2_001.fastq.gz,coral_field,Cnidaria,Anthozoa,Scleractinia,Rhizangiidae,Siderastrea,siderea,25.00873947,-80.44978333,Triangles,20210702,FL,Upper Keys,9
Tri-43,Tri-43_S431_L001_R1_001.fastq.gz,Tri-43_S431_L001_R2_001.fastq.gz,coral_field,Cnidaria,Anthozoa,Scleractinia,Faviidae,Diploria,labyrinthiformis,25.00873947,-80.44978333,Triangles,20210702,FL,Upper Keys,10
Tri-44,Tri-44_S432_L001_R1_001.fastq.gz,Tri-44_S432_L001_R2_001.fastq.gz,coral_field,Cnidaria,Anthozoa,Scleractinia,Poritidae,Porites,astreoides,25.00873947,-80.44978333,Triangles,20210702,FL,Upper Keys,8
Tri-5,Tri-5_S390_L001_R1_001.fastq.gz,Tri-5_S390_L001_R2_001.fastq.gz,coral_field,Cnidaria,Anthozoa,Scleractinia,Faviidae,Diploria,labyrinthiformis,25.00873947,-80.44978333,Triangles,20210702,FL,Upper Keys,9
Tri-6,Tri-6_S394_L001_R1_001.fastq.gz,Tri-6_S394_L001_R2_001.fastq.gz,coral_field,Cnidaria,Anthozoa,Scleractinia,Scleractinia incertae sedis,Solenastrea,bournoni,25.00873947,-80.44978333,Triangles,20210702,FL,Upper Keys,9
Tri-7,Tri-7_S395_L001_R1_001.fastq.gz,Tri-7_S395_L001_R2_001.fastq.gz,coral_field,Cnidaria,Anthozoa,Scleractinia,Merulinidae,Orbicella,faveolata,25.00873947,-80.44978333,Triangles,20210702,FL,Upper Keys,8
Tri-8,Tri-8_S396_L001_R1_001.fastq.gz,Tri-8_S396_L001_R2_001.fastq.gz,coral_field,Cnidaria,Anthozoa,Scleractinia,Meandrinidae,Dichocoenia,stokesii,25.00873947,-80.44978333,Triangles,20210702,FL,Upper Keys,10
Tri-9,Tri-9_S397_L001_R1_001.fastq.gz,Tri-9_S397_L001_R2_001.fastq.gz,coral_field,Cnidaria,Anthozoa,Scleractinia,Rhizangiidae,Siderastrea,siderea,25.00873947,-80.44978333,Triangles,20210702,FL,Upper Keys,10